Dataset,Detector,Nodes,Edges,Precision,Recall,F1,Accuracy,Runtime,Memory
1r,Rule Engine,80,600,0.782609,0.9,0.837209,0.98843,0.0104,0.178006
1r,GraphSAGE,80,600,1.0,0.6,0.75,0.99,0.82564,20.867188
3,Rule Engine,4534,50000,0.857143,0.6,0.705882,0.9998,0.514472,7.090568
3,GraphSAGE,4534,50000,0.003852,0.533333,0.007648,0.95848,2.931636,32.5
5m,Rule Engine,80,600,0.782609,0.9,0.837209,0.98843,0.0092,0.171445
5m,GraphSAGE,80,600,1.0,0.6,0.75,0.99,0.633974,0.236745
6r,Rule Engine,80,600,0.782609,0.9,0.837209,0.98843,0.007491,0.171308
6r,GraphSAGE,80,600,1.0,0.6,0.75,0.99,0.626861,0.235957
synthetic,Rule Engine,80,179,0.8125,0.65,0.722222,0.945652,0.002709,0.060333
synthetic,GraphSAGE,80,179,0.545455,0.4,0.461538,0.921788,0.621848,0.206754
