detector,detector_key,m,seed,total_edges,poison_edges,tp,fp,tn,fn,precision,recall,f1,roc_auc,pr_auc,flagged_edges_count,threshold_used
Rule-only (HARD set),rule_hard,0,0,600,15,1,0,585,14,1.0,0.066667,0.125,0.545455,0.066667,1,0.5
Rule-only (HARD set),rule_hard,1000,0,23774,15,1,0,23759,14,1.0,0.066667,0.125,0.545455,0.066667,1,0.5
Rule-only (HARD set),rule_hard,2500,0,60191,15,1,0,60176,14,1.0,0.066667,0.125,0.545455,0.066667,1,0.5
Rule-only (HARD set),rule_hard,5000,0,120793,15,1,0,120778,14,1.0,0.066667,0.125,0.545455,0.066667,1,0.5
Rule-only (HARD set),rule_hard,10000,0,240456,15,1,0,240441,14,1.0,0.066667,0.125,0.545455,0.066667,1,0.5
Rule-only (HARD set),rule_hard,25000,0,602215,15,1,0,602200,14,1.0,0.066667,0.125,0.545455,0.066667,1,0.5
Rule-only (HARD set),rule_hard,50000,0,1203963,15,1,0,1203948,14,1.0,0.066667,0.125,0.545455,0.066667,1,0.5
Rule-only (HARD set),rule_hard,100000,0,2399469,15,1,0,2399454,14,1.0,0.066667,0.125,0.545455,0.066667,1,0.5
Rule-only (HARD set),rule_hard,0,1,600,15,1,0,585,14,1.0,0.066667,0.125,0.545455,0.066667,1,0.5
Rule-only (HARD set),rule_hard,1000,1,24293,15,1,0,24278,14,1.0,0.066667,0.125,0.545455,0.066667,1,0.5
Rule-only (HARD set),rule_hard,2500,1,60641,15,1,0,60626,14,1.0,0.066667,0.125,0.545455,0.066667,1,0.5
Rule-only (HARD set),rule_hard,5000,1,120915,15,1,0,120900,14,1.0,0.066667,0.125,0.545455,0.066667,1,0.5
Rule-only (HARD set),rule_hard,10000,1,241177,15,1,0,241162,14,1.0,0.066667,0.125,0.545455,0.066667,1,0.5
Rule-only (HARD set),rule_hard,25000,1,600479,15,1,0,600464,14,1.0,0.066667,0.125,0.545455,0.066667,1,0.5
Rule-only (HARD set),rule_hard,50000,1,1202675,15,1,0,1202660,14,1.0,0.066667,0.125,0.545455,0.066667,1,0.5
Rule-only (HARD set),rule_hard,100000,1,2402814,15,1,0,2402799,14,1.0,0.066667,0.125,0.545455,0.066667,1,0.5
Rule-only (HARD set),rule_hard,0,2,600,15,2,0,585,13,1.0,0.133333,0.235294,0.590909,0.133333,2,0.5
Rule-only (HARD set),rule_hard,1000,2,24884,15,2,0,24869,13,1.0,0.133333,0.235294,0.590909,0.133333,2,0.5
Rule-only (HARD set),rule_hard,2500,2,61169,15,2,0,61154,13,1.0,0.133333,0.235294,0.590909,0.133333,2,0.5
Rule-only (HARD set),rule_hard,5000,2,120651,15,2,0,120636,13,1.0,0.133333,0.235294,0.590909,0.133333,2,0.5
Rule-only (HARD set),rule_hard,10000,2,241413,15,2,0,241398,13,1.0,0.133333,0.235294,0.590909,0.133333,2,0.5
Rule-only (HARD set),rule_hard,25000,2,600947,15,2,0,600932,13,1.0,0.133333,0.235294,0.590909,0.133333,2,0.5
Rule-only (HARD set),rule_hard,50000,2,1200910,15,2,0,1200895,13,1.0,0.133333,0.235294,0.590909,0.133333,2,0.5
Rule-only (HARD set),rule_hard,100000,2,2397114,15,2,0,2397099,13,1.0,0.133333,0.235294,0.590909,0.133333,2,0.5
Rule-only (HARD set),rule_hard,0,3,600,15,4,0,585,11,1.0,0.266667,0.421053,0.681818,0.266667,4,0.5
Rule-only (HARD set),rule_hard,1000,3,24803,15,4,0,24788,11,1.0,0.266667,0.421053,0.681818,0.266667,4,0.5
Rule-only (HARD set),rule_hard,2500,3,60661,15,4,0,60646,11,1.0,0.266667,0.421053,0.681818,0.266667,4,0.5
Rule-only (HARD set),rule_hard,5000,3,120643,15,4,0,120628,11,1.0,0.266667,0.421053,0.681818,0.266667,4,0.5
Rule-only (HARD set),rule_hard,10000,3,240312,15,4,0,240297,11,1.0,0.266667,0.421053,0.681818,0.266667,4,0.5
Rule-only (HARD set),rule_hard,25000,3,601219,15,4,0,601204,11,1.0,0.266667,0.421053,0.681818,0.266667,4,0.5
Rule-only (HARD set),rule_hard,50000,3,1203878,15,4,0,1203863,11,1.0,0.266667,0.421053,0.681818,0.266667,4,0.5
Rule-only (HARD set),rule_hard,100000,3,2403591,15,4,0,2403576,11,1.0,0.266667,0.421053,0.681818,0.266667,4,0.5
Rule-only (HARD set),rule_hard,0,4,600,15,2,0,585,13,1.0,0.133333,0.235294,0.590909,0.133333,2,0.5
Rule-only (HARD set),rule_hard,1000,4,24167,15,2,0,24152,13,1.0,0.133333,0.235294,0.590909,0.133333,2,0.5
Rule-only (HARD set),rule_hard,2500,4,60118,15,2,0,60103,13,1.0,0.133333,0.235294,0.590909,0.133333,2,0.5
Rule-only (HARD set),rule_hard,5000,4,120487,15,2,0,120472,13,1.0,0.133333,0.235294,0.590909,0.133333,2,0.5
Rule-only (HARD set),rule_hard,10000,4,241681,15,2,0,241666,13,1.0,0.133333,0.235294,0.590909,0.133333,2,0.5
Rule-only (HARD set),rule_hard,25000,4,600674,15,2,0,600659,13,1.0,0.133333,0.235294,0.590909,0.133333,2,0.5
Rule-only (HARD set),rule_hard,50000,4,1198792,15,2,0,1198777,13,1.0,0.133333,0.235294,0.590909,0.133333,2,0.5
Rule-only (HARD set),rule_hard,100000,4,2397250,15,2,0,2397235,13,1.0,0.133333,0.235294,0.590909,0.133333,2,0.5
Rule-only (all 15 rules),rule_all,0,0,600,15,9,3,582,6,0.75,0.6,0.666667,0.906544,0.45,12,0.5
Rule-only (all 15 rules),rule_all,1000,0,23774,15,9,3,23756,6,0.75,0.6,0.666667,0.909028,0.45,12,0.5
Rule-only (all 15 rules),rule_all,2500,0,60191,15,9,3,60173,6,0.75,0.6,0.666667,0.909066,0.45,12,0.5
Rule-only (all 15 rules),rule_all,5000,0,120793,15,9,3,120775,6,0.75,0.6,0.666667,0.909078,0.45,12,0.5
Rule-only (all 15 rules),rule_all,10000,0,240456,15,9,3,240438,6,0.75,0.6,0.666667,0.909085,0.45,12,0.5
Rule-only (all 15 rules),rule_all,25000,0,602215,15,9,3,602197,6,0.75,0.6,0.666667,0.909088,0.45,12,0.5
Rule-only (all 15 rules),rule_all,50000,0,1203963,15,9,3,1203945,6,0.75,0.6,0.666667,0.90909,0.45,12,0.5
Rule-only (all 15 rules),rule_all,100000,0,2399469,15,9,3,2399451,6,0.75,0.6,0.666667,0.90909,0.45,12,0.5
Rule-only (all 15 rules),rule_all,0,1,600,15,8,2,583,7,0.8,0.533333,0.64,0.861939,0.426667,10,0.5
Rule-only (all 15 rules),rule_all,1000,1,24293,15,8,2,24276,7,0.8,0.533333,0.64,0.863595,0.426667,10,0.5
Rule-only (all 15 rules),rule_all,2500,1,60641,15,8,2,60624,7,0.8,0.533333,0.64,0.86362,0.426667,10,0.5
Rule-only (all 15 rules),rule_all,5000,1,120915,15,8,2,120898,7,0.8,0.533333,0.64,0.863628,0.426667,10,0.5
Rule-only (all 15 rules),rule_all,10000,1,241177,15,8,2,241160,7,0.8,0.533333,0.64,0.863632,0.426667,10,0.5
Rule-only (all 15 rules),rule_all,25000,1,600479,15,8,2,600462,7,0.8,0.533333,0.64,0.863635,0.426667,10,0.5
Rule-only (all 15 rules),rule_all,50000,1,1202675,15,8,2,1202658,7,0.8,0.533333,0.64,0.863636,0.426667,10,0.5
Rule-only (all 15 rules),rule_all,100000,1,2402814,15,8,2,2402797,7,0.8,0.533333,0.64,0.863636,0.426667,10,0.5
Rule-only (all 15 rules),rule_all,0,2,600,15,8,3,582,7,0.727273,0.533333,0.615385,0.86109,0.387879,11,0.5
Rule-only (all 15 rules),rule_all,1000,2,24884,15,8,3,24866,7,0.727273,0.533333,0.615385,0.863576,0.387879,11,0.5
Rule-only (all 15 rules),rule_all,2500,2,61169,15,8,3,61151,7,0.727273,0.533333,0.615385,0.863612,0.387879,11,0.5
Rule-only (all 15 rules),rule_all,5000,2,120651,15,8,3,120633,7,0.727273,0.533333,0.615385,0.863624,0.387879,11,0.5
Rule-only (all 15 rules),rule_all,10000,2,241413,15,8,3,241395,7,0.727273,0.533333,0.615385,0.86363,0.387879,11,0.5
Rule-only (all 15 rules),rule_all,25000,2,600947,15,8,3,600929,7,0.727273,0.533333,0.615385,0.863634,0.387879,11,0.5
Rule-only (all 15 rules),rule_all,50000,2,1200910,15,8,3,1200892,7,0.727273,0.533333,0.615385,0.863635,0.387879,11,0.5
Rule-only (all 15 rules),rule_all,100000,2,2397114,15,8,3,2397096,7,0.727273,0.533333,0.615385,0.863636,0.387879,11,0.5
Rule-only (all 15 rules),rule_all,0,3,600,15,9,3,582,6,0.75,0.6,0.666667,0.906544,0.45,12,0.5
Rule-only (all 15 rules),rule_all,1000,3,24803,15,9,3,24785,6,0.75,0.6,0.666667,0.90903,0.45,12,0.5
Rule-only (all 15 rules),rule_all,2500,3,60661,15,9,3,60643,6,0.75,0.6,0.666667,0.909066,0.45,12,0.5
Rule-only (all 15 rules),rule_all,5000,3,120643,15,9,3,120625,6,0.75,0.6,0.666667,0.909078,0.45,12,0.5
Rule-only (all 15 rules),rule_all,10000,3,240312,15,9,3,240294,6,0.75,0.6,0.666667,0.909085,0.45,12,0.5
Rule-only (all 15 rules),rule_all,25000,3,601219,15,9,3,601201,6,0.75,0.6,0.666667,0.909088,0.45,12,0.5
Rule-only (all 15 rules),rule_all,50000,3,1203878,15,9,3,1203860,6,0.75,0.6,0.666667,0.90909,0.45,12,0.5
Rule-only (all 15 rules),rule_all,100000,3,2403591,15,9,3,2403573,6,0.75,0.6,0.666667,0.90909,0.45,12,0.5
Rule-only (all 15 rules),rule_all,0,4,600,15,10,3,582,5,0.769231,0.666667,0.714286,0.951999,0.512821,13,0.5
Rule-only (all 15 rules),rule_all,1000,4,24167,15,10,3,24149,5,0.769231,0.666667,0.714286,0.954483,0.512821,13,0.5
Rule-only (all 15 rules),rule_all,2500,4,60118,15,10,3,60100,5,0.769231,0.666667,0.714286,0.95452,0.512821,13,0.5
Rule-only (all 15 rules),rule_all,5000,4,120487,15,10,3,120469,5,0.769231,0.666667,0.714286,0.954533,0.512821,13,0.5
Rule-only (all 15 rules),rule_all,10000,4,241681,15,10,3,241663,5,0.769231,0.666667,0.714286,0.954539,0.512821,13,0.5
Rule-only (all 15 rules),rule_all,25000,4,600674,15,10,3,600656,5,0.769231,0.666667,0.714286,0.954543,0.512821,13,0.5
Rule-only (all 15 rules),rule_all,50000,4,1198792,15,10,3,1198774,5,0.769231,0.666667,0.714286,0.954544,0.512821,13,0.5
Rule-only (all 15 rules),rule_all,100000,4,2397250,15,10,3,2397232,5,0.769231,0.666667,0.714286,0.954545,0.512821,13,0.5
GraphSAGE (ungated baseline),graphsage_baseline,0,0,600,15,7,87,498,8,0.074468,0.466667,0.12844,0.877527,0.034752,94,0.6
GraphSAGE (ungated baseline),graphsage_baseline,1000,0,23774,15,6,1788,21971,9,0.003344,0.4,0.006633,0.624594,0.001338,1794,0.6
GraphSAGE (ungated baseline),graphsage_baseline,2500,0,60191,15,6,4826,55350,9,0.001242,0.4,0.002476,0.561751,0.000497,4832,0.6
GraphSAGE (ungated baseline),graphsage_baseline,5000,0,120793,15,6,9898,110880,9,0.000606,0.4,0.00121,0.541223,0.000242,9904,0.6
GraphSAGE (ungated baseline),graphsage_baseline,10000,0,240456,15,6,19832,220609,9,0.000302,0.4,0.000604,0.540161,0.000121,19838,0.6
GraphSAGE (ungated baseline),graphsage_baseline,25000,0,602215,15,6,50618,551582,9,0.000119,0.4,0.000237,0.538812,4.7e-05,50624,0.6
GraphSAGE (ungated baseline),graphsage_baseline,50000,0,1203963,15,6,101352,1102596,9,5.9e-05,0.4,0.000118,0.55723,2.4e-05,101358,0.6
GraphSAGE (ungated baseline),graphsage_baseline,100000,0,2399469,15,6,200877,2198577,9,3e-05,0.4,6e-05,0.562215,1.2e-05,200883,0.6
GraphSAGE (ungated baseline),graphsage_baseline,0,1,600,15,4,0,585,11,1.0,0.266667,0.421053,0.698796,0.266667,4,0.6
GraphSAGE (ungated baseline),graphsage_baseline,1000,1,24293,15,4,1354,22924,11,0.002946,0.266667,0.005827,0.480002,0.000785,1358,0.6
GraphSAGE (ungated baseline),graphsage_baseline,2500,1,60641,15,4,3418,57208,11,0.001169,0.266667,0.002328,0.50246,0.000312,3422,0.6
GraphSAGE (ungated baseline),graphsage_baseline,5000,1,120915,15,4,6914,113986,11,0.000578,0.266667,0.001154,0.462765,0.000154,6918,0.6
GraphSAGE (ungated baseline),graphsage_baseline,10000,1,241177,15,4,14056,227106,11,0.000284,0.266667,0.000568,0.426184,7.6e-05,14060,0.6
GraphSAGE (ungated baseline),graphsage_baseline,25000,1,600479,15,4,35209,565255,11,0.000114,0.266667,0.000227,0.430912,3e-05,35213,0.6
GraphSAGE (ungated baseline),graphsage_baseline,50000,1,1202675,15,4,70414,1132246,11,5.7e-05,0.266667,0.000114,0.434623,1.5e-05,70418,0.6
GraphSAGE (ungated baseline),graphsage_baseline,100000,1,2402814,15,4,140282,2262517,11,2.9e-05,0.266667,5.7e-05,0.427613,8e-06,140286,0.6
GraphSAGE (ungated baseline),graphsage_baseline,0,2,600,15,5,17,568,10,0.227273,0.333333,0.27027,0.795339,0.075758,22,0.6
GraphSAGE (ungated baseline),graphsage_baseline,1000,2,24884,15,5,2788,22081,10,0.00179,0.333333,0.003561,0.510495,0.000597,2793,0.6
GraphSAGE (ungated baseline),graphsage_baseline,2500,2,61169,15,5,6941,54213,10,0.00072,0.333333,0.001437,0.543775,0.00024,6946,0.6
GraphSAGE (ungated baseline),graphsage_baseline,5000,2,120651,15,5,14213,106423,10,0.000352,0.333333,0.000703,0.64609,0.000117,14218,0.6
GraphSAGE (ungated baseline),graphsage_baseline,10000,2,241413,15,7,28453,212945,8,0.000246,0.466667,0.000492,0.651959,0.000115,28460,0.6
GraphSAGE (ungated baseline),graphsage_baseline,25000,2,600947,15,7,69627,531305,8,0.000101,0.466667,0.000201,0.654823,4.7e-05,69634,0.6
GraphSAGE (ungated baseline),graphsage_baseline,50000,2,1200910,15,7,139407,1061488,8,5e-05,0.466667,0.0001,0.653983,2.3e-05,139414,0.6
GraphSAGE (ungated baseline),graphsage_baseline,100000,2,2397114,15,7,278913,2118186,8,2.5e-05,0.466667,5e-05,0.654986,1.2e-05,278920,0.6
GraphSAGE (ungated baseline),graphsage_baseline,0,3,600,15,3,3,582,12,0.5,0.2,0.285714,0.733292,0.1,6,0.6
GraphSAGE (ungated baseline),graphsage_baseline,1000,3,24803,15,4,1326,23462,11,0.003008,0.266667,0.005948,0.782908,0.000802,1330,0.6
GraphSAGE (ungated baseline),graphsage_baseline,2500,3,60661,15,6,4029,56617,9,0.001487,0.4,0.002963,0.82453,0.000595,4035,0.6
GraphSAGE (ungated baseline),graphsage_baseline,5000,3,120643,15,6,7940,112688,9,0.000755,0.4,0.001507,0.825408,0.000302,7946,0.6
GraphSAGE (ungated baseline),graphsage_baseline,10000,3,240312,15,6,15133,225164,9,0.000396,0.4,0.000792,0.793983,0.000159,15139,0.6
GraphSAGE (ungated baseline),graphsage_baseline,25000,3,601219,15,7,39028,562176,8,0.000179,0.466667,0.000359,0.818577,8.4e-05,39035,0.6
GraphSAGE (ungated baseline),graphsage_baseline,50000,3,1203878,15,6,75048,1128815,9,8e-05,0.4,0.00016,0.789501,3.2e-05,75054,0.6
GraphSAGE (ungated baseline),graphsage_baseline,100000,3,2403591,15,6,150739,2252837,9,4e-05,0.4,8e-05,0.794164,1.6e-05,150745,0.6
GraphSAGE (ungated baseline),graphsage_baseline,0,4,600,15,6,6,579,9,0.5,0.4,0.444444,0.861784,0.2,12,0.6
GraphSAGE (ungated baseline),graphsage_baseline,1000,4,24167,15,7,3411,20741,8,0.002048,0.466667,0.004078,0.641171,0.000956,3418,0.6
GraphSAGE (ungated baseline),graphsage_baseline,2500,4,60118,15,6,10494,49609,9,0.000571,0.4,0.001141,0.561124,0.000229,10500,0.6
GraphSAGE (ungated baseline),graphsage_baseline,5000,4,120487,15,6,21840,98632,9,0.000275,0.4,0.000549,0.562327,0.00011,21846,0.6
GraphSAGE (ungated baseline),graphsage_baseline,10000,4,241681,15,6,44897,196769,9,0.000134,0.4,0.000267,0.557822,5.3e-05,44903,0.6
GraphSAGE (ungated baseline),graphsage_baseline,25000,4,600674,15,6,111284,489375,9,5.4e-05,0.4,0.000108,0.556712,2.2e-05,111290,0.6
GraphSAGE (ungated baseline),graphsage_baseline,50000,4,1198792,15,6,221273,977504,9,2.7e-05,0.4,5.4e-05,0.519486,1.1e-05,221279,0.6
GraphSAGE (ungated baseline),graphsage_baseline,100000,4,2397250,15,6,440571,1956664,9,1.4e-05,0.4,2.7e-05,0.515435,5e-06,440577,0.6
GraphSAGE + invariant features (ungated),graphsage_inv_features,0,0,600,15,0,0,585,15,1.0,0.0,0.0,0.938108,0.0,0,0.6
GraphSAGE + invariant features (ungated),graphsage_inv_features,1000,0,23774,15,0,711,23048,15,0.0,0.0,0.0,0.113611,0.0,711,0.6
GraphSAGE + invariant features (ungated),graphsage_inv_features,2500,0,60191,15,0,3530,56646,15,0.0,0.0,0.0,0.04973,0.0,3530,0.6
GraphSAGE + invariant features (ungated),graphsage_inv_features,5000,0,120793,15,0,8911,111867,15,0.0,0.0,0.0,0.040619,0.0,8911,0.6
GraphSAGE + invariant features (ungated),graphsage_inv_features,10000,0,240456,15,0,29741,210700,15,0.0,0.0,0.0,0.034022,0.0,29741,0.6
GraphSAGE + invariant features (ungated),graphsage_inv_features,25000,0,602215,15,0,87884,514316,15,0.0,0.0,0.0,0.027041,0.0,87884,0.6
GraphSAGE + invariant features (ungated),graphsage_inv_features,50000,0,1203963,15,0,178892,1025056,15,0.0,0.0,0.0,0.02292,0.0,178892,0.6
GraphSAGE + invariant features (ungated),graphsage_inv_features,100000,0,2399469,15,0,356659,2042795,15,0.0,0.0,0.0,0.020961,0.0,356659,0.6
GraphSAGE + invariant features (ungated),graphsage_inv_features,0,1,600,15,0,0,585,15,1.0,0.0,0.0,0.68205,0.0,0,0.6
GraphSAGE + invariant features (ungated),graphsage_inv_features,1000,1,24293,15,0,0,24278,15,1.0,0.0,0.0,0.041771,0.0,0,0.6
GraphSAGE + invariant features (ungated),graphsage_inv_features,2500,1,60641,15,0,2281,58345,15,0.0,0.0,0.0,0.035648,0.0,2281,0.6
GraphSAGE + invariant features (ungated),graphsage_inv_features,5000,1,120915,15,0,7620,113280,15,0.0,0.0,0.0,0.032045,0.0,7620,0.6
GraphSAGE + invariant features (ungated),graphsage_inv_features,10000,1,241177,15,0,24643,216519,15,0.0,0.0,0.0,0.027447,0.0,24643,0.6
GraphSAGE + invariant features (ungated),graphsage_inv_features,25000,1,600479,15,0,59867,540597,15,0.0,0.0,0.0,0.029056,0.0,59867,0.6
GraphSAGE + invariant features (ungated),graphsage_inv_features,50000,1,1202675,15,0,119129,1083531,15,0.0,0.0,0.0,0.021032,0.0,119129,0.6
GraphSAGE + invariant features (ungated),graphsage_inv_features,100000,1,2402814,15,0,235681,2167118,15,0.0,0.0,0.0,0.047763,0.0,235681,0.6
GraphSAGE + invariant features (ungated),graphsage_inv_features,0,2,600,15,0,0,585,15,1.0,0.0,0.0,0.767248,0.0,0,0.6
GraphSAGE + invariant features (ungated),graphsage_inv_features,1000,2,24884,15,0,0,24869,15,1.0,0.0,0.0,0.049097,0.0,0,0.6
GraphSAGE + invariant features (ungated),graphsage_inv_features,2500,2,61169,15,0,1958,59196,15,0.0,0.0,0.0,0.037246,0.0,1958,0.6
GraphSAGE + invariant features (ungated),graphsage_inv_features,5000,2,120651,15,0,7446,113190,15,0.0,0.0,0.0,0.03671,0.0,7446,0.6
GraphSAGE + invariant features (ungated),graphsage_inv_features,10000,2,241413,15,0,23054,218344,15,0.0,0.0,0.0,0.0356,0.0,23054,0.6
GraphSAGE + invariant features (ungated),graphsage_inv_features,25000,2,600947,15,0,57334,543598,15,0.0,0.0,0.0,0.029033,0.0,57334,0.6
GraphSAGE + invariant features (ungated),graphsage_inv_features,50000,2,1200910,15,0,115027,1085868,15,0.0,0.0,0.0,0.024893,0.0,115027,0.6
GraphSAGE + invariant features (ungated),graphsage_inv_features,100000,2,2397114,15,0,232195,2164904,15,0.0,0.0,0.0,0.022296,0.0,232195,0.6
GraphSAGE + invariant features (ungated),graphsage_inv_features,0,3,600,15,0,0,585,15,1.0,0.0,0.0,0.696095,0.0,0,0.6
GraphSAGE + invariant features (ungated),graphsage_inv_features,1000,3,24803,15,0,303,24485,15,0.0,0.0,0.0,0.044431,0.0,303,0.6
GraphSAGE + invariant features (ungated),graphsage_inv_features,2500,3,60661,15,0,737,59909,15,0.0,0.0,0.0,0.032885,0.0,737,0.6
GraphSAGE + invariant features (ungated),graphsage_inv_features,5000,3,120643,15,0,1525,119103,15,0.0,0.0,0.0,0.029873,0.0,1525,0.6
GraphSAGE + invariant features (ungated),graphsage_inv_features,10000,3,240312,15,0,2990,237307,15,0.0,0.0,0.0,0.032526,0.0,2990,0.6
GraphSAGE + invariant features (ungated),graphsage_inv_features,25000,3,601219,15,0,7595,593609,15,0.0,0.0,0.0,0.021281,0.0,7595,0.6
GraphSAGE + invariant features (ungated),graphsage_inv_features,50000,3,1203878,15,0,15348,1188515,15,0.0,0.0,0.0,0.096133,0.0,15348,0.6
GraphSAGE + invariant features (ungated),graphsage_inv_features,100000,3,2403591,15,0,30601,2372975,15,0.0,0.0,0.0,0.096992,0.0,30601,0.6
GraphSAGE + invariant features (ungated),graphsage_inv_features,0,4,600,15,2,0,585,13,1.0,0.133333,0.235294,0.864794,0.133333,2,0.6
GraphSAGE + invariant features (ungated),graphsage_inv_features,1000,4,24167,15,2,147,24005,13,0.013423,0.133333,0.02439,0.514181,0.00179,149,0.6
GraphSAGE + invariant features (ungated),graphsage_inv_features,2500,4,60118,15,2,381,59722,13,0.005222,0.133333,0.01005,0.45012,0.000696,383,0.6
GraphSAGE + invariant features (ungated),graphsage_inv_features,5000,4,120487,15,2,758,119714,13,0.002632,0.133333,0.005161,0.287144,0.000351,760,0.6
GraphSAGE + invariant features (ungated),graphsage_inv_features,10000,4,241681,15,2,1467,240199,13,0.001361,0.133333,0.002695,0.241454,0.000182,1469,0.6
GraphSAGE + invariant features (ungated),graphsage_inv_features,25000,4,600674,15,2,3797,596862,13,0.000526,0.133333,0.001049,0.236184,7e-05,3799,0.6
GraphSAGE + invariant features (ungated),graphsage_inv_features,50000,4,1198792,15,2,7536,1191241,13,0.000265,0.133333,0.00053,0.23491,3.5e-05,7538,0.6
GraphSAGE + invariant features (ungated),graphsage_inv_features,100000,4,2397250,15,2,15099,2382136,13,0.000132,0.133333,0.000265,0.235078,1.8e-05,15101,0.6
Feasibility-gated GraphSAGE (ours),gated_sage,0,0,600,15,1,0,585,14,1.0,0.066667,0.125,0.545455,0.066667,1,0.05
Feasibility-gated GraphSAGE (ours),gated_sage,1000,0,23774,15,1,0,23759,14,1.0,0.066667,0.125,0.545455,0.066667,1,0.05
Feasibility-gated GraphSAGE (ours),gated_sage,2500,0,60191,15,1,0,60176,14,1.0,0.066667,0.125,0.545455,0.066667,1,0.05
Feasibility-gated GraphSAGE (ours),gated_sage,5000,0,120793,15,1,0,120778,14,1.0,0.066667,0.125,0.545455,0.066667,1,0.05
Feasibility-gated GraphSAGE (ours),gated_sage,10000,0,240456,15,1,0,240441,14,1.0,0.066667,0.125,0.545455,0.066667,1,0.05
Feasibility-gated GraphSAGE (ours),gated_sage,25000,0,602215,15,1,0,602200,14,1.0,0.066667,0.125,0.545455,0.066667,1,0.05
Feasibility-gated GraphSAGE (ours),gated_sage,50000,0,1203963,15,1,0,1203948,14,1.0,0.066667,0.125,0.545455,0.066667,1,0.05
Feasibility-gated GraphSAGE (ours),gated_sage,100000,0,2399469,15,1,0,2399454,14,1.0,0.066667,0.125,0.545455,0.066667,1,0.05
Feasibility-gated GraphSAGE (ours),gated_sage,0,1,600,15,1,0,585,14,1.0,0.066667,0.125,0.545455,0.066667,1,0.05
Feasibility-gated GraphSAGE (ours),gated_sage,1000,1,24293,15,1,0,24278,14,1.0,0.066667,0.125,0.545455,0.066667,1,0.05
Feasibility-gated GraphSAGE (ours),gated_sage,2500,1,60641,15,1,0,60626,14,1.0,0.066667,0.125,0.545455,0.066667,1,0.05
Feasibility-gated GraphSAGE (ours),gated_sage,5000,1,120915,15,1,0,120900,14,1.0,0.066667,0.125,0.545455,0.066667,1,0.05
Feasibility-gated GraphSAGE (ours),gated_sage,10000,1,241177,15,1,0,241162,14,1.0,0.066667,0.125,0.545455,0.066667,1,0.05
Feasibility-gated GraphSAGE (ours),gated_sage,25000,1,600479,15,1,0,600464,14,1.0,0.066667,0.125,0.545455,0.066667,1,0.05
Feasibility-gated GraphSAGE (ours),gated_sage,50000,1,1202675,15,1,0,1202660,14,1.0,0.066667,0.125,0.545455,0.066667,1,0.05
Feasibility-gated GraphSAGE (ours),gated_sage,100000,1,2402814,15,1,0,2402799,14,1.0,0.066667,0.125,0.545455,0.066667,1,0.05
Feasibility-gated GraphSAGE (ours),gated_sage,0,2,600,15,2,0,585,13,1.0,0.133333,0.235294,0.590909,0.133333,2,0.05
Feasibility-gated GraphSAGE (ours),gated_sage,1000,2,24884,15,2,0,24869,13,1.0,0.133333,0.235294,0.590909,0.133333,2,0.05
Feasibility-gated GraphSAGE (ours),gated_sage,2500,2,61169,15,2,0,61154,13,1.0,0.133333,0.235294,0.590909,0.133333,2,0.05
Feasibility-gated GraphSAGE (ours),gated_sage,5000,2,120651,15,2,0,120636,13,1.0,0.133333,0.235294,0.590909,0.133333,2,0.05
Feasibility-gated GraphSAGE (ours),gated_sage,10000,2,241413,15,2,0,241398,13,1.0,0.133333,0.235294,0.590909,0.133333,2,0.05
Feasibility-gated GraphSAGE (ours),gated_sage,25000,2,600947,15,2,0,600932,13,1.0,0.133333,0.235294,0.590909,0.133333,2,0.05
Feasibility-gated GraphSAGE (ours),gated_sage,50000,2,1200910,15,2,0,1200895,13,1.0,0.133333,0.235294,0.590909,0.133333,2,0.05
Feasibility-gated GraphSAGE (ours),gated_sage,100000,2,2397114,15,2,0,2397099,13,1.0,0.133333,0.235294,0.590909,0.133333,2,0.05
Feasibility-gated GraphSAGE (ours),gated_sage,0,3,600,15,4,0,585,11,1.0,0.266667,0.421053,0.681818,0.266667,4,0.05
Feasibility-gated GraphSAGE (ours),gated_sage,1000,3,24803,15,4,0,24788,11,1.0,0.266667,0.421053,0.681818,0.266667,4,0.05
Feasibility-gated GraphSAGE (ours),gated_sage,2500,3,60661,15,4,0,60646,11,1.0,0.266667,0.421053,0.681818,0.266667,4,0.05
Feasibility-gated GraphSAGE (ours),gated_sage,5000,3,120643,15,4,0,120628,11,1.0,0.266667,0.421053,0.681818,0.266667,4,0.05
Feasibility-gated GraphSAGE (ours),gated_sage,10000,3,240312,15,4,0,240297,11,1.0,0.266667,0.421053,0.681818,0.266667,4,0.05
Feasibility-gated GraphSAGE (ours),gated_sage,25000,3,601219,15,4,0,601204,11,1.0,0.266667,0.421053,0.681818,0.266667,4,0.05
Feasibility-gated GraphSAGE (ours),gated_sage,50000,3,1203878,15,4,0,1203863,11,1.0,0.266667,0.421053,0.681818,0.266667,4,0.05
Feasibility-gated GraphSAGE (ours),gated_sage,100000,3,2403591,15,4,0,2403576,11,1.0,0.266667,0.421053,0.681818,0.266667,4,0.05
Feasibility-gated GraphSAGE (ours),gated_sage,0,4,600,15,2,0,585,13,1.0,0.133333,0.235294,0.590909,0.133333,2,0.05
Feasibility-gated GraphSAGE (ours),gated_sage,1000,4,24167,15,2,0,24152,13,1.0,0.133333,0.235294,0.590909,0.133333,2,0.05
Feasibility-gated GraphSAGE (ours),gated_sage,2500,4,60118,15,2,0,60103,13,1.0,0.133333,0.235294,0.590909,0.133333,2,0.05
Feasibility-gated GraphSAGE (ours),gated_sage,5000,4,120487,15,2,0,120472,13,1.0,0.133333,0.235294,0.590909,0.133333,2,0.05
Feasibility-gated GraphSAGE (ours),gated_sage,10000,4,241681,15,2,0,241666,13,1.0,0.133333,0.235294,0.590909,0.133333,2,0.05
Feasibility-gated GraphSAGE (ours),gated_sage,25000,4,600674,15,2,0,600659,13,1.0,0.133333,0.235294,0.590909,0.133333,2,0.05
Feasibility-gated GraphSAGE (ours),gated_sage,50000,4,1198792,15,2,0,1198777,13,1.0,0.133333,0.235294,0.590909,0.133333,2,0.05
Feasibility-gated GraphSAGE (ours),gated_sage,100000,4,2397250,15,2,0,2397235,13,1.0,0.133333,0.235294,0.590909,0.133333,2,0.05
