detector,detector_key,noise_model,m,seed,base_graph_edges,noise_edges,total_edges,poison_edges,base_rate,tp,fp,tn,fn,precision,recall,f1,roc_auc,pr_auc,auc_optimistic,auc_pessimistic,auc_tie_gap,false_positive_rate,threshold_used,flagged_edges_count
Rule-only (HARD set),rule_hard,resampled,0,0,600,0,600,15,0.025,4,0,585,11,1.0,0.26666666666666666,0.4210526315789474,0.6333333333333333,0.6174999999999999,1.0,0.26666666666666666,0.7333333333333334,0.0,0.5,4
Rule-only (HARD set),rule_hard,resampled,1000,0,600,954,1554,15,0.009652509652509652,4,0,1539,11,1.0,0.26666666666666666,0.4210526315789474,0.6333333333333333,0.6272200772200772,1.0,0.2666666666666667,0.7333333333333333,0.0,0.5,4
Rule-only (HARD set),rule_hard,resampled,2500,0,600,2215,2815,15,0.0053285968028419185,4,0,2800,11,1.0,0.26666666666666666,0.4210526315789474,0.6333333333333333,0.6299585553582001,1.0,0.2666666666666667,0.7333333333333333,0.0,0.5,4
Rule-only (HARD set),rule_hard,resampled,5000,0,600,4745,5345,15,0.002806361085126286,4,0,5330,11,1.0,0.26666666666666666,0.4210526315789474,0.6333333333333333,0.6315559713127533,1.0,0.26666666666666666,0.7333333333333334,0.0,0.5,4
Rule-only (HARD set),rule_hard,resampled,10000,0,600,9742,10342,15,0.0014503964416940631,4,0,10327,11,1.0,0.26666666666666666,0.4210526315789474,0.6333333333333333,0.6324147489202604,1.0,0.2666666666666666,0.7333333333333334,0.0,0.5,4
Rule-only (HARD set),rule_hard,resampled,25000,0,600,24127,24727,15,0.0006066243377684312,4,0,24712,11,1.0,0.26666666666666666,0.4210526315789474,0.6333333333333333,0.6329491379194133,1.0,0.2666666666666667,0.7333333333333333,0.0,0.5,4
Rule-only (HARD set),rule_hard,resampled,50000,0,600,49057,49657,15,0.0003020722153976277,4,0,49642,11,1.0,0.26666666666666666,0.4210526315789474,0.6333333333333333,0.6331420209302482,1.0,0.2666666666666667,0.7333333333333333,0.0,0.5,4
Rule-only (HARD set),rule_hard,resampled,100000,0,600,99876,100476,15,0.00014928938253911382,4,0,100461,11,1.0,0.26666666666666666,0.4210526315789474,0.6333333333333333,0.6332387833910585,1.0,0.26666666666666666,0.7333333333333334,0.0,0.5,4
Rule-only (HARD set),rule_hard,resampled,0,1,600,0,600,15,0.025,2,0,585,13,1.0,0.13333333333333333,0.23529411764705882,0.5666666666666667,0.5525,1.0,0.13333333333333333,0.8666666666666667,0.0,0.5,2
Rule-only (HARD set),rule_hard,resampled,1000,1,600,1025,1625,15,0.009230769230769232,2,0,1610,13,1.0,0.13333333333333333,0.23529411764705882,0.5666666666666667,0.5614358974358974,1.0,0.1333333333333333,0.8666666666666667,0.0,0.5,2
Rule-only (HARD set),rule_hard,resampled,2500,1,600,2506,3106,15,0.004829362524146813,2,0,3091,13,1.0,0.13333333333333333,0.23529411764705882,0.5666666666666667,0.5639300279029835,1.0,0.13333333333333333,0.8666666666666667,0.0,0.5,2
Rule-only (HARD set),rule_hard,resampled,5000,1,600,5086,5686,15,0.002638058389025677,2,0,5671,13,1.0,0.13333333333333333,0.23529411764705882,0.5666666666666667,0.5651717669128855,1.0,0.13333333333333336,0.8666666666666667,0.0,0.5,2
Rule-only (HARD set),rule_hard,resampled,10000,1,600,10301,10901,15,0.0013760205485735253,2,0,10886,13,1.0,0.13333333333333333,0.23529411764705882,0.5666666666666667,0.5658869216891417,1.0,0.13333333333333336,0.8666666666666667,0.0,0.5,2
Rule-only (HARD set),rule_hard,resampled,25000,1,600,24652,25252,15,0.0005940123554569935,2,0,25237,13,1.0,0.13333333333333333,0.23529411764705882,0.5666666666666667,0.5663300596652411,1.0,0.13333333333333336,0.8666666666666667,0.0,0.5,2
Rule-only (HARD set),rule_hard,resampled,50000,1,600,49892,50492,15,0.00029707676463598193,2,0,50477,13,1.0,0.13333333333333333,0.23529411764705882,0.5666666666666667,0.5664983231667062,1.0,0.13333333333333336,0.8666666666666667,0.0,0.5,2
Rule-only (HARD set),rule_hard,resampled,100000,1,600,99726,100326,15,0.00014951258895999042,2,0,100311,13,1.0,0.13333333333333333,0.23529411764705882,0.5666666666666667,0.566581942866256,1.0,0.13333333333333333,0.8666666666666667,0.0,0.5,2
Rule-only (HARD set),rule_hard,resampled,0,2,600,0,600,15,0.025,1,0,585,14,1.0,0.06666666666666667,0.125,0.5333333333333333,0.52,1.0,0.06666666666666667,0.9333333333333333,0.0,0.5,1
Rule-only (HARD set),rule_hard,resampled,1000,2,600,913,1513,15,0.00991407799074686,1,0,1498,14,1.0,0.06666666666666667,0.125,0.5333333333333333,0.5280458250716017,1.0,0.06666666666666667,0.9333333333333333,0.0,0.5,1
Rule-only (HARD set),rule_hard,resampled,2500,2,600,2443,3043,15,0.004929346040092014,1,0,3028,14,1.0,0.06666666666666667,0.125,0.5333333333333333,0.5307043487786176,1.0,0.06666666666666667,0.9333333333333333,0.0,0.5,1
Rule-only (HARD set),rule_hard,resampled,5000,2,600,4899,5499,15,0.002727768685215494,1,0,5484,14,1.0,0.06666666666666667,0.125,0.5333333333333333,0.5318785233678851,1.0,0.06666666666666668,0.9333333333333333,0.0,0.5,1
Rule-only (HARD set),rule_hard,resampled,10000,2,600,9844,10444,15,0.001436231328992723,1,0,10429,14,1.0,0.06666666666666667,0.125,0.5333333333333333,0.5325673432912039,1.0,0.06666666666666668,0.9333333333333333,0.0,0.5,1
Rule-only (HARD set),rule_hard,resampled,25000,2,600,25245,25845,15,0.0005803830528148578,1,0,25830,14,1.0,0.06666666666666667,0.125,0.5333333333333333,0.5330237957051654,0.9999999999999999,0.06666666666666665,0.9333333333333332,0.0,0.5,1
Rule-only (HARD set),rule_hard,resampled,50000,2,600,50174,50774,15,0.00029542679324063496,1,0,50759,14,1.0,0.06666666666666667,0.125,0.5333333333333333,0.5331757723769383,1.0,0.06666666666666667,0.9333333333333333,0.0,0.5,1
Rule-only (HARD set),rule_hard,resampled,100000,2,600,99984,100584,15,0.00014912908613696016,1,0,100569,14,1.0,0.06666666666666667,0.125,0.5333333333333333,0.5332537978207269,0.9999999999999999,0.06666666666666667,0.9333333333333332,0.0,0.5,1
Rule-only (HARD set),rule_hard,resampled,0,3,600,0,600,15,0.025,1,0,585,14,1.0,0.06666666666666667,0.125,0.5333333333333333,0.52,1.0,0.06666666666666667,0.9333333333333333,0.0,0.5,1
Rule-only (HARD set),rule_hard,resampled,1000,3,600,978,1578,15,0.009505703422053232,1,0,1563,14,1.0,0.06666666666666667,0.125,0.5333333333333333,0.5282636248415716,1.0,0.06666666666666668,0.9333333333333333,0.0,0.5,1
Rule-only (HARD set),rule_hard,resampled,2500,3,600,2407,3007,15,0.004988360492184902,1,0,2992,14,1.0,0.06666666666666667,0.125,0.5333333333333333,0.5306728744041681,1.0,0.06666666666666667,0.9333333333333333,0.0,0.5,1
Rule-only (HARD set),rule_hard,resampled,5000,3,600,4855,5455,15,0.002749770852428964,1,0,5440,14,1.0,0.06666666666666667,0.125,0.5333333333333333,0.5318667888787045,1.0,0.06666666666666668,0.9333333333333333,0.0,0.5,1
Rule-only (HARD set),rule_hard,resampled,10000,3,600,9804,10404,15,0.0014417531718569781,1,0,10389,14,1.0,0.06666666666666667,0.125,0.5333333333333333,0.5325643983083429,1.0,0.06666666666666668,0.9333333333333333,0.0,0.5,1
Rule-only (HARD set),rule_hard,resampled,25000,3,600,25162,25762,15,0.0005822529306730844,1,0,25747,14,1.0,0.06666666666666667,0.125,0.5333333333333333,0.5330227984369744,1.0,0.06666666666666667,0.9333333333333333,0.0,0.5,1
Rule-only (HARD set),rule_hard,resampled,50000,3,600,50342,50942,15,0.0002944525146244749,1,0,50927,14,1.0,0.06666666666666667,0.125,0.5333333333333333,0.5331762919922003,1.0,0.06666666666666668,0.9333333333333333,0.0,0.5,1
Rule-only (HARD set),rule_hard,resampled,100000,3,600,100298,100898,15,0.0001486649884041309,1,0,100883,14,1.0,0.06666666666666667,0.125,0.5333333333333333,0.5332540453395178,1.0,0.06666666666666667,0.9333333333333333,0.0,0.5,1
Rule-only (HARD set),rule_hard,resampled,0,4,600,0,600,15,0.025,0,0,585,15,0.0,0.0,0.0,0.5,0.4875,1.0,0.0,1.0,0.0,0.5,0
Rule-only (HARD set),rule_hard,resampled,1000,4,600,1126,1726,15,0.00869061413673233,0,0,1711,15,0.0,0.0,0.0,0.5,0.49565469293163383,1.0,0.0,1.0,0.0,0.5,0
Rule-only (HARD set),rule_hard,resampled,2500,4,600,2691,3291,15,0.004557885141294439,0,0,3276,15,0.0,0.0,0.0,0.5,0.4977210574293528,1.0,0.0,1.0,0.0,0.5,0
Rule-only (HARD set),rule_hard,resampled,5000,4,600,5324,5924,15,0.0025320729237002025,0,0,5909,15,0.0,0.0,0.0,0.5,0.4987339635381499,1.0,0.0,1.0,0.0,0.5,0
Rule-only (HARD set),rule_hard,resampled,10000,4,600,10052,10652,15,0.0014081862561021404,0,0,10637,15,0.0,0.0,0.0,0.5,0.4992959068719489,1.0,0.0,1.0,0.0,0.5,0
Rule-only (HARD set),rule_hard,resampled,25000,4,600,24554,25154,15,0.0005963266279716944,0,0,25139,15,0.0,0.0,0.0,0.5,0.49970183668601414,1.0,0.0,1.0,0.0,0.5,0
Rule-only (HARD set),rule_hard,resampled,50000,4,600,49942,50542,15,0.0002967828736496379,0,0,50527,15,0.0,0.0,0.0,0.5,0.4998516085631752,0.9999999999999999,0.0,0.9999999999999999,0.0,0.5,0
Rule-only (HARD set),rule_hard,resampled,100000,4,600,99706,100306,15,0.00014954240025521904,0,0,100291,15,0.0,0.0,0.0,0.5,0.4999252287998724,1.0,0.0,1.0,0.0,0.5,0
Rule-only (all 15 rules),rule_all,resampled,0,0,600,0,600,15,0.025,12,4,581,3,0.75,0.8,0.7741935483870969,0.8965811965811966,0.7525,0.9986324786324785,0.7945299145299145,0.204102564102564,0.006837606837606838,0.5,16
Rule-only (all 15 rules),rule_all,resampled,1000,0,600,954,1554,15,0.009652509652509652,12,4,1535,3,0.75,0.8,0.7741935483870969,0.8987004548408057,0.7663127413127413,0.9994801819363224,0.7979207277452891,0.20155945419103327,0.002599090318388564,0.5,16
Rule-only (all 15 rules),rule_all,resampled,2500,0,600,2215,2815,15,0.0053285968028419185,12,4,2796,3,0.75,0.8,0.7741935483870969,0.8992857142857142,0.7702042628774423,0.9997142857142858,0.7988571428571428,0.20085714285714296,0.0014285714285714286,0.5,16
Rule-only (all 15 rules),rule_all,resampled,5000,0,600,4745,5345,15,0.002806361085126286,12,4,5326,3,0.75,0.8,0.7741935483870969,0.899624765478424,0.7724742750233863,0.9998499061913697,0.7993996247654785,0.20045028142589116,0.00075046904315197,0.5,16
Rule-only (all 15 rules),rule_all,resampled,10000,0,600,9742,10342,15,0.0014503964416940631,12,4,10323,3,0.75,0.8,0.7741935483870969,0.8998063329137214,0.7736946432024753,0.9999225331654886,0.7996901326619542,0.2002324005035344,0.00038733417255737385,0.5,16
Rule-only (all 15 rules),rule_all,resampled,25000,0,600,24127,24727,15,0.0006066243377684312,12,4,24708,3,0.75,0.8,0.7741935483870969,0.8999190676594367,0.7744540380960083,0.9999676270637747,0.7998705082550986,0.2000971188086761,0.0001618646811265782,0.5,16
Rule-only (all 15 rules),rule_all,resampled,50000,0,600,49057,49657,15,0.0003020722153976277,12,4,49638,3,0.75,0.8,0.7741935483870969,0.8999597115345875,0.7747281350061421,0.999983884613835,0.7999355384553402,0.20004834615849487,8.057693082470488e-05,0.5,16
Rule-only (all 15 rules),rule_all,resampled,100000,0,600,99876,100476,15,0.00014928938253911382,12,4,100457,3,0.75,0.8,0.7741935483870969,0.8999800917769085,0.7748656395557147,0.9999920367107634,0.7999681468430535,0.20002388986770991,3.981644618309593e-05,0.5,16
Rule-only (all 15 rules),rule_all,resampled,0,1,600,0,600,15,0.025,11,3,582,4,0.7857142857142857,0.7333333333333333,0.7586206896551724,0.8641025641025641,0.7378571428571428,0.9986324786324785,0.7295726495726493,0.26905982905982917,0.005128205128205128,0.5,14
Rule-only (all 15 rules),rule_all,resampled,1000,1,600,1025,1625,15,0.009230769230769232,11,3,1607,4,0.7857142857142857,0.7333333333333333,0.7586206896551724,0.8657349896480332,0.7515238095238095,0.9995031055900621,0.731966873706004,0.26753623188405806,0.0018633540372670807,0.5,14
Rule-only (all 15 rules),rule_all,resampled,2500,1,600,2506,3106,15,0.004829362524146813,11,3,3088,4,0.7857142857142857,0.7333333333333333,0.7586206896551724,0.8661813868219562,0.7553383620028824,0.9997411840828211,0.7326215895610912,0.26711959452172984,0.0009705596894208993,0.5,14
Rule-only (all 15 rules),rule_all,resampled,5000,1,600,5086,5686,15,0.002638058389025677,11,3,5668,4,0.7857142857142857,0.7333333333333333,0.7586206896551724,0.866402163051784,0.7572374922533207,0.9998589314053958,0.732945394698172,0.26691353670722384,0.0005290072297654734,0.5,14
Rule-only (all 15 rules),rule_all,resampled,10000,1,600,10301,10901,15,0.0013760205485735253,11,3,10883,4,0.7857142857142857,0.7333333333333333,0.7586206896551724,0.8665288750076552,0.7583312583817126,0.9999265111151938,0.7331312389001163,0.2667952722150775,0.000275583318023149,0.5,14
Rule-only (all 15 rules),rule_all,resampled,25000,1,600,24652,25252,15,0.0005940123554569935,11,3,25234,4,0.7857142857142857,0.7333333333333333,0.7586206896551724,0.8666072301250809,0.7590089988157469,0.9999683005111543,0.7332461597390074,0.26672214077214684,0.00011887308317153385,0.5,14
Rule-only (all 15 rules),rule_all,resampled,50000,1,600,49892,50492,15,0.00029707676463598193,11,3,50474,4,0.7857142857142857,0.7333333333333333,0.7586206896551724,0.8666369501621201,0.7592663429944584,0.9999841511975751,0.7332897491266651,0.26669440207091,5.943300909325039e-05,0.5,14
Rule-only (all 15 rules),rule_all,resampled,100000,1,600,99726,100326,15,0.00014951258895999042,11,3,100308,4,0.7857142857142857,0.7333333333333333,0.7586206896551724,0.8666517131720349,0.7593942319467109,0.9999920248028631,0.7333114015412068,0.2666806232616563,2.9906989263390855e-05,0.5,14
Rule-only (all 15 rules),rule_all,resampled,0,2,600,0,600,15,0.025,9,3,582,6,0.75,0.6,0.6666666666666665,0.7974358974358975,0.6549999999999999,0.9979487179487179,0.5969230769230769,0.401025641025641,0.005128205128205128,0.5,12
Rule-only (all 15 rules),rule_all,resampled,1000,2,600,913,1513,15,0.00991407799074686,9,3,1495,6,0.75,0.6,0.6666666666666665,0.7989986648865154,0.6670687376074025,0.9991989319092123,0.5987983978638184,0.4004005340453939,0.0020026702269692926,0.5,12
Rule-only (all 15 rules),rule_all,resampled,2500,2,600,2443,3043,15,0.004929346040092014,9,3,3025,6,0.75,0.6,0.6666666666666665,0.7995046235138706,0.6710565231679264,0.9996036988110965,0.5994055482166447,0.40019815059445174,0.0009907529722589167,0.5,12
Rule-only (all 15 rules),rule_all,resampled,5000,2,600,4899,5499,15,0.002727768685215494,9,3,5481,6,0.75,0.6,0.6666666666666665,0.7997264770240701,0.6728177850518275,0.9997811816192561,0.599671772428884,0.4001094091903721,0.0005470459518599562,0.5,12
Rule-only (all 15 rules),rule_all,resampled,10000,2,600,9844,10444,15,0.001436231328992723,9,3,10426,6,0.75,0.6,0.6666666666666665,0.7998561702943715,0.6738510149368058,0.9998849362354971,0.5998274043532457,0.40005753188225146,0.00028765941125707164,0.5,12
Rule-only (all 15 rules),rule_all,resampled,25000,2,600,25245,25845,15,0.0005803830528148578,9,3,25827,6,0.75,0.6,0.6666666666666665,0.7999419279907085,0.6745356935577481,0.9999535423925667,0.5999303135888503,0.40002322880371644,0.00011614401858304297,0.5,12
Rule-only (all 15 rules),rule_all,resampled,50000,2,600,50174,50774,15,0.00029542679324063496,9,3,50756,6,0.75,0.6,0.6666666666666665,0.7999704485903977,0.6747636585654074,0.9999763588723182,0.5999645383084773,0.4000118205638409,5.9102819204476055e-05,0.5,12
Rule-only (all 15 rules),rule_all,resampled,100000,2,600,99984,100584,15,0.00014912908613696016,9,3,100566,6,0.75,0.6,0.6666666666666665,0.7999850848671062,0.6748806967310904,0.9999880678936848,0.5999821018405274,0.4000059660531574,2.9830265787668168e-05,0.5,12
Rule-only (all 15 rules),rule_all,resampled,0,3,600,0,600,15,0.025,10,3,582,5,0.7692307692307693,0.6666666666666666,0.7142857142857142,0.8307692307692307,0.6971153846153846,0.9982905982905983,0.6632478632478631,0.3350427350427352,0.005128205128205128,0.5,13
Rule-only (all 15 rules),rule_all,resampled,1000,3,600,978,1578,15,0.009505703422053232,10,3,1560,5,0.7692307692307693,0.6666666666666666,0.7142857142857142,0.8323736404350607,0.7100272984303402,0.999360204734485,0.6653870761356366,0.3339731285988483,0.0019193857965451055,0.5,13
Rule-only (all 15 rules),rule_all,resampled,2500,3,600,2407,3007,15,0.004988360492184902,10,3,2989,5,0.7692307692307693,0.6666666666666666,0.7142857142857142,0.8328319964349375,0.7137917508718972,0.9996657754010695,0.6659982174688057,0.33366755793226377,0.001002673796791444,0.5,13
Rule-only (all 15 rules),rule_all,resampled,5000,3,600,4855,5455,15,0.002749770852428964,10,3,5437,5,0.7692307692307693,0.6666666666666666,0.7142857142857142,0.8330575980392156,0.7156572422383604,0.9998161764705882,0.6662990196078431,0.3335171568627451,0.0005514705882352941,0.5,13
Rule-only (all 15 rules),rule_all,resampled,10000,3,600,9804,10404,15,0.0014417531718569781,10,3,10386,5,0.7692307692307693,0.6666666666666666,0.7142857142857142,0.8331889498508036,0.7167472569721703,0.9999037443449803,0.6664741553566271,0.3334295889883532,0.00028876696505919725,0.5,13
Rule-only (all 15 rules),rule_all,resampled,25000,3,600,25162,25762,15,0.0005822529306730844,10,3,25744,5,0.7692307692307693,0.6666666666666666,0.7142857142857142,0.8332750741186675,0.717463507173157,0.9999611605235561,0.666588987713779,0.33337217280977716,0.00011651842933157261,0.5,13
Rule-only (all 15 rules),rule_all,resampled,50000,3,600,50342,50942,15,0.0002944525146244749,10,3,50924,5,0.7692307692307693,0.6666666666666666,0.7142857142857142,0.8333038794090888,0.7177033408531975,0.9999803640505036,0.666627394767674,0.33335296928282965,5.8907848489013686e-05,0.5,13
Rule-only (all 15 rules),rule_all,resampled,100000,3,600,100298,100898,15,0.0001486649884041309,10,3,100880,5,0.7692307692307693,0.6666666666666666,0.7142857142857142,0.8333184646240364,0.7178248304583811,0.9999900875271354,0.6666468417209374,0.333343245806198,2.9737418593816598e-05,0.5,13
Rule-only (all 15 rules),rule_all,resampled,0,4,600,0,600,15,0.025,11,3,582,4,0.7857142857142857,0.7333333333333333,0.7586206896551724,0.8641025641025641,0.7378571428571428,0.9986324786324785,0.7295726495726493,0.26905982905982917,0.005128205128205128,0.5,14
Rule-only (all 15 rules),rule_all,resampled,1000,4,600,1126,1726,15,0.00869061413673233,11,3,1708,4,0.7857142857142857,0.7333333333333333,0.7586206896551724,0.8657899863627508,0.7519919439386415,0.9995324371712448,0.7320475355542567,0.2674849016169881,0.0017533606078316774,0.5,14
Rule-only (all 15 rules),rule_all,resampled,2500,4,600,2691,3291,15,0.004557885141294439,11,3,3273,4,0.7857142857142857,0.7333333333333333,0.7586206896551724,0.8662087912087912,0.7555736424013544,0.9997557997557998,0.7326617826617825,0.26709401709401726,0.0009157509157509158,0.5,14
Rule-only (all 15 rules),rule_all,resampled,5000,4,600,5324,5924,15,0.0025320729237002025,11,3,5906,4,0.7857142857142857,0.7333333333333333,0.7586206896551724,0.8664128166074351,0.7573293463232693,0.999864613301743,0.7329610199131268,0.26690359338861624,0.000507700118463361,0.5,14
Rule-only (all 15 rules),rule_all,resampled,10000,4,600,10052,10652,15,0.0014081862561021404,11,3,10634,4,0.7857142857142857,0.7333333333333333,0.7586206896551724,0.8665256494625677,0.7583033814351876,0.9999247908244806,0.7331265081006549,0.26679828272382566,0.0002820344081978001,0.5,14
Rule-only (all 15 rules),rule_all,resampled,25000,4,600,24554,25154,15,0.0005963266279716944,11,3,25136,4,0.7857142857142857,0.7333333333333333,0.7586206896551724,0.8666069984221065,0.7590069931129007,0.9999681769362345,0.7332458199079783,0.2667223570282562,0.00011933648912049008,0.5,14
Rule-only (all 15 rules),rule_all,resampled,50000,4,600,49942,50542,15,0.0002967828736496379,11,3,50524,4,0.7857142857142857,0.7333333333333333,0.7586206896551724,0.8666369795686795,0.7592665976999797,0.9999841668810734,0.7332897922562853,0.26669437462478807,5.937419597442951e-05,0.5,14
Rule-only (all 15 rules),rule_all,resampled,100000,4,600,99706,100306,15,0.00014954240025521904,11,3,100288,4,0.7857142857142857,0.7333333333333333,0.7586206896551724,0.8666517101900137,0.759394206110255,0.9999920232124517,0.7333113971675758,0.26668062604487597,2.991295330587989e-05,0.5,14
GraphSAGE (ungated baseline),graphsage_baseline,resampled,0,0,600,0,600,15,0.025,7,8,577,8,0.4666666666666667,0.4666666666666667,0.4666666666666667,0.7948148148148149,0.3590750905165704,0.795099715099715,0.7945299145299145,0.0005698005698004938,0.013675213675213675,0.6,15
GraphSAGE (ungated baseline),graphsage_baseline,resampled,1000,0,600,954,1554,15,0.009652509652509652,7,64,1475,8,0.09859154929577464,0.4666666666666667,0.1627906976744186,0.6753952783192549,0.20322628064981535,0.6755035737491879,0.675286982889322,0.0002165908598659172,0.04158544509421702,0.6,71
GraphSAGE (ungated baseline),graphsage_baseline,resampled,2500,0,600,2215,2815,15,0.0053285968028419185,7,176,2624,8,0.03825136612021858,0.4666666666666667,0.0707070707070707,0.6459642857142857,0.15412746764284338,0.6460238095238096,0.6459047619047619,0.00011904761904768524,0.06285714285714286,0.6,183
GraphSAGE (ungated baseline),graphsage_baseline,resampled,5000,0,600,4745,5345,15,0.002806361085126286,7,318,5012,8,0.021538461538461538,0.4666666666666667,0.041176470588235294,0.5947029393370857,0.12240072588163683,0.5947342088805504,0.594671669793621,6.253908692943622e-05,0.05966228893058161,0.6,325
GraphSAGE (ungated baseline),graphsage_baseline,resampled,10000,0,600,9742,10342,15,0.0014503964416940631,7,614,9713,8,0.011272141706924315,0.4666666666666667,0.022012578616352203,0.6046544656402311,0.0884743827086703,0.604673832348859,0.6046350989316032,3.8733417255798486e-05,0.05945579548755689,0.6,621
GraphSAGE (ungated baseline),graphsage_baseline,resampled,25000,0,600,24127,24727,15,0.0006066243377684312,8,1392,23320,7,0.005714285714285714,0.5333333333333333,0.011307420494699648,0.5688801661810726,0.11150173762998837,0.5688869105427863,0.5688734218193591,1.3488723427212967e-05,0.05632890903204921,0.6,1400
GraphSAGE (ungated baseline),graphsage_baseline,resampled,50000,0,600,49057,49657,15,0.0003020722153976277,8,2965,46677,7,0.0026908846283215607,0.5333333333333333,0.00535475234270415,0.5556202409250232,0.11425256641028789,0.5556235982971409,0.5556168835529055,6.714744235414294e-06,0.0597276499738125,0.6,2973
GraphSAGE (ungated baseline),graphsage_baseline,resampled,100000,0,600,99876,100476,15,0.00014928938253911382,8,5690,94771,7,0.001404001404001404,0.5333333333333333,0.0028006301417819006,0.575776669553359,0.209527577710733,0.57577832857195,0.575775010534768,3.3180371820096255e-06,0.05663889469545396,0.6,5698
GraphSAGE (ungated baseline),graphsage_baseline,resampled,0,1,600,0,600,15,0.025,5,0,585,10,1.0,0.3333333333333333,0.5,0.6777207977207977,0.36018427678459286,0.6781766381766381,0.6772649572649572,0.0009116809116809232,0.0,0.6,5
GraphSAGE (ungated baseline),graphsage_baseline,resampled,1000,1,600,1025,1625,15,0.009230769230769232,5,40,1570,10,0.1111111111111111,0.3333333333333333,0.16666666666666666,0.4796273291925466,0.03567103055840806,0.4797929606625259,0.4794616977225673,0.0003312629399586098,0.024844720496894408,0.6,45
GraphSAGE (ungated baseline),graphsage_baseline,resampled,2500,1,600,2506,3106,15,0.004829362524146813,5,115,2976,10,0.041666666666666664,0.3333333333333333,0.07407407407407407,0.42424242424242425,0.012838696398972926,0.4243286962148172,0.42415615227003123,0.00017254394478599666,0.03720478809446781,0.6,120
GraphSAGE (ungated baseline),graphsage_baseline,resampled,5000,1,600,5086,5686,15,0.002638058389025677,5,229,5442,10,0.021367521367521368,0.3333333333333333,0.04016064257028113,0.3939281725739141,0.0050509654961308536,0.39399282901310756,0.3938635161347205,0.00012931287838707783,0.04038088520543114,0.6,234
GraphSAGE (ungated baseline),graphsage_baseline,resampled,10000,1,600,10301,10901,15,0.0013760205485735253,5,494,10392,10,0.01002004008016032,0.3333333333333333,0.019455252918287938,0.3665013166758528,0.002194066055463589,0.3665258129707882,0.3664768203809174,4.8992589870788805e-05,0.045379386367811865,0.6,499
GraphSAGE (ungated baseline),graphsage_baseline,resampled,25000,1,600,24652,25252,15,0.0005940123554569935,5,1328,23909,10,0.0037509377344336083,0.3333333333333333,0.007418397626112759,0.34875381384475174,0.0007063072031559092,0.34876570115306893,0.3487419265364346,2.3774616634331114e-05,0.05262115148393232,0.6,1333
GraphSAGE (ungated baseline),graphsage_baseline,resampled,50000,1,600,49892,50492,15,0.00029707676463598193,5,2674,47803,10,0.001866368047779022,0.3333333333333333,0.0037119524870081666,0.34596747033302294,0.000291596126098278,0.3459740740007,0.3459608666653459,1.3207335354092908e-05,0.052974622105117185,0.6,2679
GraphSAGE (ungated baseline),graphsage_baseline,resampled,100000,1,600,99726,100326,15,0.00014951258895999042,5,5438,94873,10,0.0009186110600771634,0.3333333333333333,0.0018321729571271527,0.3415713796758747,0.00012200599268337038,0.34289891769928854,0.3402438416524608,0.0026550760468277423,0.05421140253810649,0.6,5443
GraphSAGE (ungated baseline),graphsage_baseline,resampled,0,2,600,0,600,15,0.025,6,16,569,9,0.2727272727272727,0.4,0.3243243243243243,0.7862108262108263,0.36503177683648824,0.7866666666666666,0.7857549857549857,0.0009116809116809232,0.02735042735042735,0.6,22
GraphSAGE (ungated baseline),graphsage_baseline,resampled,1000,2,600,913,1513,15,0.00991407799074686,6,147,1351,9,0.0392156862745098,0.4,0.07142857142857142,0.5712060525144638,0.33454344695663185,0.5713840676457499,0.5710280373831775,0.0003560302625723599,0.09813084112149532,0.6,153
GraphSAGE (ungated baseline),graphsage_baseline,resampled,2500,2,600,2443,3043,15,0.004929346040092014,6,336,2692,9,0.017543859649122806,0.4,0.03361344537815126,0.5075957727873184,0.32120572147881565,0.5076838397181859,0.507507705856451,0.0001761338617348729,0.11096433289299867,0.6,342
GraphSAGE (ungated baseline),graphsage_baseline,resampled,5000,2,600,4899,5499,15,0.002727768685215494,6,696,4788,9,0.008547008547008548,0.4,0.016736401673640166,0.47920009725261364,0.33360426903089563,0.47926088013615364,0.4791393143690737,0.00012156576707994526,0.12691466083150985,0.6,702
GraphSAGE (ungated baseline),graphsage_baseline,resampled,10000,2,600,9844,10444,15,0.001436231328992723,6,1532,8897,9,0.0039011703511053317,0.4,0.0077269800386349004,0.4743439767315498,0.3355126375663292,0.47436954645699486,0.4743184070061048,5.113945089008087e-05,0.14689807268194457,0.6,1538
GraphSAGE (ungated baseline),graphsage_baseline,resampled,25000,2,600,25245,25845,15,0.0005803830528148578,6,4400,21430,9,0.0013617793917385383,0.4,0.0027143180275955663,0.4703884372177055,0.3338709806596775,0.47039876113046847,0.4703781133049426,2.0647825525854646e-05,0.17034456058846303,0.6,4406
GraphSAGE (ungated baseline),graphsage_baseline,resampled,50000,2,600,50174,50774,15,0.00029542679324063496,6,9317,41442,9,0.0006435696664163896,0.4,0.001285071749839366,0.5290910643104343,0.33741609136042705,0.5290963178943636,0.5290858107265051,1.0507167858553323e-05,0.1835536555093678,0.6,9323
GraphSAGE (ungated baseline),graphsage_baseline,resampled,100000,2,600,99984,100584,15,0.00014912908613696016,9,18824,81745,6,0.0004778845643285722,0.6,0.0009550084889643463,0.5676394647787422,0.3442473841973553,0.5676421163579234,0.5676368131995612,5.303158362224281e-06,0.18717497439568853,0.6,18833
GraphSAGE (ungated baseline),graphsage_baseline,resampled,0,3,600,0,600,15,0.025,6,2,583,9,0.75,0.4,0.5217391304347827,0.8076923076923077,0.431448331212903,0.808091168091168,0.8072934472934472,0.0007977207977207801,0.003418803418803419,0.6,8
GraphSAGE (ungated baseline),graphsage_baseline,resampled,1000,3,600,978,1578,15,0.009505703422053232,6,44,1519,9,0.12,0.4,0.18461538461538463,0.7939219449776072,0.15768689371907965,0.7940712305395606,0.7937726594156536,0.0002985711239070765,0.02815099168266155,0.6,50
GraphSAGE (ungated baseline),graphsage_baseline,resampled,2500,3,600,2407,3007,15,0.004988360492184902,6,121,2871,9,0.047244094488188976,0.4,0.08450704225352111,0.8110405525846702,0.05125423527026985,0.8111185383244206,0.8109625668449199,0.0001559714795007494,0.04044117647058824,0.6,127
GraphSAGE (ungated baseline),graphsage_baseline,resampled,5000,3,600,4855,5455,15,0.002749770852428964,6,245,5195,9,0.02390438247011952,0.4,0.04511278195488722,0.8131924019607844,0.01900523867658485,0.8132352941176471,0.8131495098039216,8.578431372541218e-05,0.04503676470588235,0.6,251
GraphSAGE (ungated baseline),graphsage_baseline,resampled,10000,3,600,9804,10404,15,0.0014417531718569781,7,541,9848,8,0.012773722627737226,0.4666666666666667,0.02486678507992895,0.806125068181089,0.00813540960277848,0.806147527833927,0.8061026085282511,4.491930567585012e-05,0.05207430936567523,0.6,548
GraphSAGE (ungated baseline),graphsage_baseline,resampled,25000,3,600,25162,25762,15,0.0005822529306730844,7,1374,24373,8,0.005068790731354091,0.4666666666666667,0.01002865329512894,0.8152367266089253,0.003504294858935486,0.8152457891534288,0.8152276640644218,1.8125089007003936e-05,0.053365440633860256,0.6,1381
GraphSAGE (ungated baseline),graphsage_baseline,resampled,50000,3,600,50342,50942,15,0.0002944525146244749,9,2915,48012,6,0.0030779753761969904,0.6,0.006124532153793807,0.7490159116644085,0.0013879560248553728,0.7490224569809072,0.7490093663479097,1.3090632997481144e-05,0.05723879278182496,0.6,2924
GraphSAGE (ungated baseline),graphsage_baseline,resampled,100000,3,600,100298,100898,15,0.0001486649884041309,7,5907,94976,8,0.0011836320595197836,0.4666666666666667,0.0023612750885478157,0.6657365462962046,0.2003550169194068,0.6750228812915291,0.6564502113008799,0.018572669990649215,0.058552977211224884,0.6,5914
GraphSAGE (ungated baseline),graphsage_baseline,resampled,0,4,600,0,600,15,0.025,9,84,501,6,0.0967741935483871,0.6,0.16666666666666666,0.7360683760683762,0.06455039892187793,0.747008547008547,0.7251282051282051,0.021880341880341936,0.14358974358974358,0.6,93
GraphSAGE (ungated baseline),graphsage_baseline,resampled,1000,4,600,1126,1726,15,0.00869061413673233,9,99,1612,6,0.08333333333333333,0.6,0.14634146341463414,0.7515293200857198,0.05895736566779646,0.7551529320085719,0.7479057081628676,0.007247223845704309,0.05786090005844535,0.6,108
GraphSAGE (ungated baseline),graphsage_baseline,resampled,2500,4,600,2691,3291,15,0.004557885141294439,9,128,3148,6,0.06569343065693431,0.6,0.11842105263157894,0.7924501424501424,0.061970642982813316,0.794810744810745,0.7900895400895404,0.00472120472120463,0.03907203907203907,0.6,137
GraphSAGE (ungated baseline),graphsage_baseline,resampled,5000,4,600,5324,5924,15,0.0025320729237002025,9,219,5690,6,0.039473684210526314,0.6,0.07407407407407407,0.7717605911885824,0.06863382641317925,0.7734642071416482,0.7700569752355163,0.0034072319061319023,0.03706210864782535,0.6,228
GraphSAGE (ungated baseline),graphsage_baseline,resampled,10000,4,600,10052,10652,15,0.0014081862561021404,9,313,10324,6,0.027950310559006212,0.6,0.05341246290801187,0.754893296982232,0.053627403016867865,0.7562282598477015,0.7535583341167622,0.002669925730939271,0.02942558992197048,0.6,322
GraphSAGE (ungated baseline),graphsage_baseline,resampled,25000,4,600,24554,25154,15,0.0005963266279716944,9,1041,24098,6,0.008571428571428572,0.6,0.016901408450704224,0.8256454115119932,0.06298763651252112,0.8263680602516674,0.8249227627723192,0.0014452974793481843,0.041409761724810056,0.6,1050
GraphSAGE (ungated baseline),graphsage_baseline,resampled,50000,4,600,49942,50542,15,0.0002967828736496379,12,3166,47361,3,0.003775959723096287,0.8,0.007516442217350454,0.8344799150289284,0.04263844256942871,0.8351178577790092,0.8338419722788475,0.0012758855001616665,0.06265956815168128,0.6,3178
GraphSAGE (ungated baseline),graphsage_baseline,resampled,100000,4,600,99706,100306,15,0.00014954240025521904,13,18541,81750,2,0.0007006575401530667,0.8666666666666667,0.0014001831008670367,0.8829094003117595,0.042930621922791956,0.8829120592409423,0.8829067413825769,5.3178583654389655e-06,0.18487202241477302,0.6,18554
GraphSAGE + invariant features (ungated),graphsage_inv_features,resampled,0,0,600,0,600,15,0.025,0,0,585,15,0.0,0.0,0.0,0.7896296296296296,0.4803541999418687,0.7896296296296296,0.7896296296296296,0.0,0.0,0.6,0
GraphSAGE + invariant features (ungated),graphsage_inv_features,resampled,1000,0,600,954,1554,15,0.009652509652509652,0,0,1539,15,0.0,0.0,0.0,0.47151830192765865,-0.0010420803000172816,0.4715183019276587,0.4715183019276587,0.0,0.0,0.6,0
GraphSAGE + invariant features (ungated),graphsage_inv_features,resampled,2500,0,600,2215,2815,15,0.0053285968028419185,0,0,2800,15,0.0,0.0,0.0,0.33899999999999997,-0.001711782163282678,0.33899999999999997,0.33899999999999997,0.0,0.0,0.6,0
GraphSAGE + invariant features (ungated),graphsage_inv_features,resampled,5000,0,600,4745,5345,15,0.002806361085126286,0,0,5330,15,0.0,0.0,0.0,0.23283302063789868,-0.0011539951567034166,0.23283302063789874,0.23283302063789874,0.0,0.0,0.6,0
GraphSAGE + invariant features (ungated),graphsage_inv_features,resampled,10000,0,600,9742,10342,15,0.0014503964416940631,0,19,10308,15,0.0,0.0,0.0,0.1414996288047513,-0.0006607115836889385,0.14149962880475128,0.14149962880475128,0.0,0.0018398373196475259,0.6,19
GraphSAGE + invariant features (ungated),graphsage_inv_features,resampled,25000,0,600,24127,24727,15,0.0006066243377684312,0,806,23906,15,0.0,0.0,0.0,0.08796536095823891,-0.0002883879385123028,0.08796536095823893,0.08796536095823893,0.0,0.0326157332470055,0.6,806
GraphSAGE + invariant features (ungated),graphsage_inv_features,resampled,50000,0,600,49057,49657,15,0.0003020722153976277,0,3574,46068,15,0.0,0.0,0.0,0.045257376146542565,-0.00014591840265885803,0.045257376146542565,0.045257376146542565,0.0,0.07199548769187382,0.6,3574
GraphSAGE + invariant features (ungated),graphsage_inv_features,resampled,100000,0,600,99876,100476,15,0.00014928938253911382,0,9430,91031,15,0.0,0.0,0.0,0.03712087277650032,-7.227494018277613e-05,0.03712087277650032,0.03712087277650032,0.0,0.09386727187664864,0.6,9430
GraphSAGE + invariant features (ungated),graphsage_inv_features,resampled,0,1,600,0,600,15,0.025,0,0,585,15,0.0,0.0,0.0,0.6666666666666666,0.3900650143962517,0.6666666666666666,0.6666666666666666,0.0,0.0,0.6,0
GraphSAGE + invariant features (ungated),graphsage_inv_features,resampled,1000,1,600,1025,1625,15,0.009230769230769232,0,0,1610,15,0.0,0.0,0.0,0.43101449275362314,0.0026526320187804163,0.4310144927536232,0.4310144927536232,0.0,0.0,0.6,0
GraphSAGE + invariant features (ungated),graphsage_inv_features,resampled,2500,1,600,2506,3106,15,0.004829362524146813,0,0,3091,15,0.0,0.0,0.0,0.3534778388870916,-0.0007132139021366242,0.3534778388870916,0.3534778388870916,0.0,0.0,0.6,0
GraphSAGE + invariant features (ungated),graphsage_inv_features,resampled,5000,1,600,5086,5686,15,0.002638058389025677,0,0,5671,15,0.0,0.0,0.0,0.27382589784282607,-0.0009467604334774054,0.27382589784282607,0.27382589784282607,0.0,0.0,0.6,0
GraphSAGE + invariant features (ungated),graphsage_inv_features,resampled,10000,1,600,10301,10901,15,0.0013760205485735253,0,18,10868,15,0.0,0.0,0.0,0.1382815849102823,-0.0006352329647147893,0.13828158491028233,0.13828158491028233,0.0,0.001653499908138894,0.6,18
GraphSAGE + invariant features (ungated),graphsage_inv_features,resampled,25000,1,600,24652,25252,15,0.0005940123554569935,0,818,24419,15,0.0,0.0,0.0,0.045504616238063164,-0.00028686441688997524,0.045504616238063164,0.045504616238063164,0.0,0.03241272734477157,0.6,818
GraphSAGE + invariant features (ungated),graphsage_inv_features,resampled,50000,1,600,49892,50492,15,0.00029707676463598193,0,2082,48395,15,0.0,0.0,0.0,0.03800278674775971,-0.00014398877452629456,0.03800278674775971,0.03800278674775971,0.0,0.041246508310715774,0.6,2082
GraphSAGE + invariant features (ungated),graphsage_inv_features,resampled,100000,1,600,99726,100326,15,0.00014951258895999042,0,9347,90964,15,0.0,0.0,0.0,0.03260393509518729,-7.284937660249091e-05,0.03260393509518729,0.03260393509518729,0.0,0.09318020954830478,0.6,9347
GraphSAGE + invariant features (ungated),graphsage_inv_features,resampled,0,2,600,0,600,15,0.025,0,0,585,15,0.0,0.0,0.0,0.7845014245014245,0.32102481058550986,0.7845014245014245,0.7845014245014245,0.0,0.0,0.6,0
GraphSAGE + invariant features (ungated),graphsage_inv_features,resampled,1000,2,600,913,1513,15,0.00991407799074686,0,0,1498,15,0.0,0.0,0.0,0.42443257676902535,-0.0006392499215084166,0.42443257676902535,0.42443257676902535,0.0,0.0,0.6,0
GraphSAGE + invariant features (ungated),graphsage_inv_features,resampled,2500,2,600,2443,3043,15,0.004929346040092014,0,0,3028,15,0.0,0.0,0.0,0.30737560546014975,-0.0013984519211039472,0.3073756054601497,0.3073756054601497,0.0,0.0,0.6,0
GraphSAGE + invariant features (ungated),graphsage_inv_features,resampled,5000,2,600,4899,5499,15,0.002727768685215494,0,0,5484,15,0.0,0.0,0.0,0.24857768052516416,-0.0009265406840026887,0.24857768052516413,0.24857768052516413,0.0,0.0,0.6,0
GraphSAGE + invariant features (ungated),graphsage_inv_features,resampled,10000,2,600,9844,10444,15,0.001436231328992723,0,0,10429,15,0.0,0.0,0.0,0.21217118931185475,-0.0005497082683840171,0.21217118931185477,0.21217118931185477,0.0,0.0,0.6,0
GraphSAGE + invariant features (ungated),graphsage_inv_features,resampled,25000,2,600,25245,25845,15,0.0005803830528148578,0,0,25830,15,0.0,0.0,0.0,0.19526132404181185,-0.00022973166930661363,0.1952613240418118,0.1952613240418118,0.0,0.0,0.6,0
GraphSAGE + invariant features (ungated),graphsage_inv_features,resampled,50000,2,600,50174,50774,15,0.00029542679324063496,0,136,50623,15,0.0,0.0,0.0,0.18199334108236964,-0.00012324933092216546,0.18199334108236964,0.18199334108236964,0.0,0.002679327803936248,0.6,136
GraphSAGE + invariant features (ungated),graphsage_inv_features,resampled,100000,2,600,99984,100584,15,0.00014912908613696016,0,6004,94565,15,0.0,0.0,0.0,0.09708160566377315,-7.112590750086502e-05,0.09708160566377315,0.09708160566377315,0.0,0.05970030526305323,0.6,6004
GraphSAGE + invariant features (ungated),graphsage_inv_features,resampled,0,3,600,0,600,15,0.025,0,0,585,15,0.0,0.0,0.0,0.7645584045584045,0.17320134636715762,0.7645584045584045,0.7645584045584045,0.0,0.0,0.6,0
GraphSAGE + invariant features (ungated),graphsage_inv_features,resampled,1000,3,600,978,1578,15,0.009505703422053232,0,7,1556,15,0.0,0.0,0.0,0.32646619748347194,-0.0028719316250538224,0.32646619748347194,0.32646619748347194,0.0,0.004478566858605247,0.6,7
GraphSAGE + invariant features (ungated),graphsage_inv_features,resampled,2500,3,600,2407,3007,15,0.004988360492184902,0,19,2973,15,0.0,0.0,0.0,0.1980169340463458,-0.00200515103639031,0.1980169340463458,0.1980169340463458,0.0,0.006350267379679145,0.6,19
GraphSAGE + invariant features (ungated),graphsage_inv_features,resampled,5000,3,600,4855,5455,15,0.002749770852428964,0,34,5406,15,0.0,0.0,0.0,0.12892156862745097,-0.0012095922770324293,0.12892156862745097,0.12892156862745097,0.0,0.00625,0.6,34
GraphSAGE + invariant features (ungated),graphsage_inv_features,resampled,10000,3,600,9804,10404,15,0.0014417531718569781,0,83,10306,15,0.0,0.0,0.0,0.08242050887156285,-0.0006665085448460642,0.08242050887156285,0.08242050887156285,0.0,0.00798921936663779,0.6,83
GraphSAGE + invariant features (ungated),graphsage_inv_features,resampled,25000,3,600,25162,25762,15,0.0005822529306730844,0,214,25533,15,0.0,0.0,0.0,0.0513639129477868,-0.0002776098980181537,0.051363912947786805,0.051363912947786805,0.0,0.008311647958985513,0.6,214
GraphSAGE + invariant features (ungated),graphsage_inv_features,resampled,50000,3,600,50342,50942,15,0.0002944525146244749,0,422,50505,15,0.0,0.0,0.0,0.04289407714310024,-0.0001415889575247273,0.04289407714310024,0.04289407714310024,0.0,0.008286370687454591,0.6,422
GraphSAGE + invariant features (ungated),graphsage_inv_features,resampled,100000,3,600,100298,100898,15,0.0001486649884041309,0,872,100011,15,0.0,0.0,0.0,0.039256696701459454,-7.168696526487003e-05,0.039256696701459454,0.039256696701459454,0.0,0.008643676337936024,0.6,872
GraphSAGE + invariant features (ungated),graphsage_inv_features,resampled,0,4,600,0,600,15,0.025,6,0,585,9,1.0,0.4,0.5714285714285715,0.7633048433048433,0.45949081465782654,0.7633048433048433,0.7633048433048433,0.0,0.0,0.6,6
GraphSAGE + invariant features (ungated),graphsage_inv_features,resampled,1000,4,600,1126,1726,15,0.00869061413673233,6,16,1695,9,0.2727272727272727,0.4,0.3243243243243243,0.535086693941165,0.3959535059403536,0.5350866939411651,0.5350866939411651,0.0,0.009351256575102279,0.6,22
GraphSAGE + invariant features (ungated),graphsage_inv_features,resampled,2500,4,600,2691,3291,15,0.004557885141294439,6,36,3240,9,0.14285714285714285,0.4,0.21052631578947364,0.4782051282051282,0.3976177385749584,0.4782051282051282,0.4782051282051282,0.0,0.01098901098901099,0.6,42
GraphSAGE + invariant features (ungated),graphsage_inv_features,resampled,5000,4,600,5324,5924,15,0.0025320729237002025,6,71,5838,9,0.07792207792207792,0.4,0.13043478260869565,0.44393298358436284,0.35717762845314693,0.44393298358436284,0.44393298358436284,0.0,0.012015569470299543,0.6,77
GraphSAGE + invariant features (ungated),graphsage_inv_features,resampled,10000,4,600,10052,10652,15,0.0014081862561021404,6,176,10461,9,0.03296703296703297,0.4,0.060913705583756354,0.42913102065118613,0.2281178464257793,0.42913102065118613,0.42913102065118613,0.0,0.016546018614270942,0.6,182
GraphSAGE + invariant features (ungated),graphsage_inv_features,resampled,25000,4,600,24554,25154,15,0.0005963266279716944,6,643,24496,9,0.009244992295839754,0.4,0.01807228915662651,0.414606786268348,0.10753147261656744,0.41460678626834796,0.41460678626834796,0.0,0.025577787501491707,0.6,649
GraphSAGE + invariant features (ungated),graphsage_inv_features,resampled,50000,4,600,49942,50542,15,0.0002967828736496379,2,1829,48698,13,0.0010922992900054614,0.13333333333333333,0.0021668472372697724,0.3846827768651744,0.0006637866567925411,0.3846827768651743,0.3846827768651743,0.0,0.03619846814574386,0.6,1831
GraphSAGE + invariant features (ungated),graphsage_inv_features,resampled,100000,4,600,99706,100306,15,0.00014954240025521904,2,5012,95279,13,0.00039888312724371757,0.13333333333333333,0.0007953867568104992,0.1931459452991794,4.599577780065599e-05,0.19314594529917942,0.19314594529917942,0.0,0.049974573989690005,0.6,5014
Feasibility-gated GraphSAGE (ours),gated_sage,resampled,0,0,600,0,600,15,0.025,4,0,585,11,1.0,0.26666666666666666,0.4210526315789474,0.6333333333333333,0.6174999999999999,1.0,0.26666666666666666,0.7333333333333334,0.0,0.05,4
Feasibility-gated GraphSAGE (ours),gated_sage,resampled,1000,0,600,954,1554,15,0.009652509652509652,4,0,1539,11,1.0,0.26666666666666666,0.4210526315789474,0.6333333333333333,0.6272200772200772,1.0,0.2666666666666667,0.7333333333333333,0.0,0.05,4
Feasibility-gated GraphSAGE (ours),gated_sage,resampled,2500,0,600,2215,2815,15,0.0053285968028419185,4,0,2800,11,1.0,0.26666666666666666,0.4210526315789474,0.6333333333333333,0.6299585553582001,1.0,0.2666666666666667,0.7333333333333333,0.0,0.05,4
Feasibility-gated GraphSAGE (ours),gated_sage,resampled,5000,0,600,4745,5345,15,0.002806361085126286,4,0,5330,11,1.0,0.26666666666666666,0.4210526315789474,0.6333333333333333,0.6315559713127533,1.0,0.26666666666666666,0.7333333333333334,0.0,0.05,4
Feasibility-gated GraphSAGE (ours),gated_sage,resampled,10000,0,600,9742,10342,15,0.0014503964416940631,4,0,10327,11,1.0,0.26666666666666666,0.4210526315789474,0.6333333333333333,0.6324147489202604,1.0,0.2666666666666666,0.7333333333333334,0.0,0.05,4
Feasibility-gated GraphSAGE (ours),gated_sage,resampled,25000,0,600,24127,24727,15,0.0006066243377684312,4,0,24712,11,1.0,0.26666666666666666,0.4210526315789474,0.6333333333333333,0.6329491379194133,1.0,0.2666666666666667,0.7333333333333333,0.0,0.05,4
Feasibility-gated GraphSAGE (ours),gated_sage,resampled,50000,0,600,49057,49657,15,0.0003020722153976277,4,0,49642,11,1.0,0.26666666666666666,0.4210526315789474,0.6333333333333333,0.6331420209302482,1.0,0.2666666666666667,0.7333333333333333,0.0,0.05,4
Feasibility-gated GraphSAGE (ours),gated_sage,resampled,100000,0,600,99876,100476,15,0.00014928938253911382,4,0,100461,11,1.0,0.26666666666666666,0.4210526315789474,0.6333333333333333,0.6332387833910585,1.0,0.26666666666666666,0.7333333333333334,0.0,0.05,4
Feasibility-gated GraphSAGE (ours),gated_sage,resampled,0,1,600,0,600,15,0.025,2,0,585,13,1.0,0.13333333333333333,0.23529411764705882,0.5666666666666667,0.5525,1.0,0.13333333333333333,0.8666666666666667,0.0,0.05,2
Feasibility-gated GraphSAGE (ours),gated_sage,resampled,1000,1,600,1025,1625,15,0.009230769230769232,2,0,1610,13,1.0,0.13333333333333333,0.23529411764705882,0.5666666666666667,0.5614358974358974,1.0,0.1333333333333333,0.8666666666666667,0.0,0.05,2
Feasibility-gated GraphSAGE (ours),gated_sage,resampled,2500,1,600,2506,3106,15,0.004829362524146813,2,0,3091,13,1.0,0.13333333333333333,0.23529411764705882,0.5666666666666667,0.5639300279029835,1.0,0.13333333333333333,0.8666666666666667,0.0,0.05,2
Feasibility-gated GraphSAGE (ours),gated_sage,resampled,5000,1,600,5086,5686,15,0.002638058389025677,2,0,5671,13,1.0,0.13333333333333333,0.23529411764705882,0.5666666666666667,0.5651717669128855,1.0,0.13333333333333336,0.8666666666666667,0.0,0.05,2
Feasibility-gated GraphSAGE (ours),gated_sage,resampled,10000,1,600,10301,10901,15,0.0013760205485735253,2,0,10886,13,1.0,0.13333333333333333,0.23529411764705882,0.5666666666666667,0.5658869216891417,1.0,0.13333333333333336,0.8666666666666667,0.0,0.05,2
Feasibility-gated GraphSAGE (ours),gated_sage,resampled,25000,1,600,24652,25252,15,0.0005940123554569935,2,0,25237,13,1.0,0.13333333333333333,0.23529411764705882,0.5666666666666667,0.5663300596652411,1.0,0.13333333333333336,0.8666666666666667,0.0,0.05,2
Feasibility-gated GraphSAGE (ours),gated_sage,resampled,50000,1,600,49892,50492,15,0.00029707676463598193,2,0,50477,13,1.0,0.13333333333333333,0.23529411764705882,0.5666666666666667,0.5664983231667062,1.0,0.13333333333333336,0.8666666666666667,0.0,0.05,2
Feasibility-gated GraphSAGE (ours),gated_sage,resampled,100000,1,600,99726,100326,15,0.00014951258895999042,2,0,100311,13,1.0,0.13333333333333333,0.23529411764705882,0.5666666666666667,0.566581942866256,1.0,0.13333333333333333,0.8666666666666667,0.0,0.05,2
Feasibility-gated GraphSAGE (ours),gated_sage,resampled,0,2,600,0,600,15,0.025,1,0,585,14,1.0,0.06666666666666667,0.125,0.5333333333333333,0.52,1.0,0.06666666666666667,0.9333333333333333,0.0,0.05,1
Feasibility-gated GraphSAGE (ours),gated_sage,resampled,1000,2,600,913,1513,15,0.00991407799074686,1,0,1498,14,1.0,0.06666666666666667,0.125,0.5333333333333333,0.5280458250716017,1.0,0.06666666666666667,0.9333333333333333,0.0,0.05,1
Feasibility-gated GraphSAGE (ours),gated_sage,resampled,2500,2,600,2443,3043,15,0.004929346040092014,1,0,3028,14,1.0,0.06666666666666667,0.125,0.5333333333333333,0.5307043487786176,1.0,0.06666666666666667,0.9333333333333333,0.0,0.05,1
Feasibility-gated GraphSAGE (ours),gated_sage,resampled,5000,2,600,4899,5499,15,0.002727768685215494,1,0,5484,14,1.0,0.06666666666666667,0.125,0.5333333333333333,0.5318785233678851,1.0,0.06666666666666668,0.9333333333333333,0.0,0.05,1
Feasibility-gated GraphSAGE (ours),gated_sage,resampled,10000,2,600,9844,10444,15,0.001436231328992723,1,0,10429,14,1.0,0.06666666666666667,0.125,0.5333333333333333,0.5325673432912039,1.0,0.06666666666666668,0.9333333333333333,0.0,0.05,1
Feasibility-gated GraphSAGE (ours),gated_sage,resampled,25000,2,600,25245,25845,15,0.0005803830528148578,1,0,25830,14,1.0,0.06666666666666667,0.125,0.5333333333333333,0.5330237957051654,0.9999999999999999,0.06666666666666665,0.9333333333333332,0.0,0.05,1
Feasibility-gated GraphSAGE (ours),gated_sage,resampled,50000,2,600,50174,50774,15,0.00029542679324063496,1,0,50759,14,1.0,0.06666666666666667,0.125,0.5333333333333333,0.5331757723769383,1.0,0.06666666666666667,0.9333333333333333,0.0,0.05,1
Feasibility-gated GraphSAGE (ours),gated_sage,resampled,100000,2,600,99984,100584,15,0.00014912908613696016,1,0,100569,14,1.0,0.06666666666666667,0.125,0.5333333333333333,0.5332537978207269,0.9999999999999999,0.06666666666666667,0.9333333333333332,0.0,0.05,1
Feasibility-gated GraphSAGE (ours),gated_sage,resampled,0,3,600,0,600,15,0.025,1,0,585,14,1.0,0.06666666666666667,0.125,0.5333333333333333,0.52,1.0,0.06666666666666667,0.9333333333333333,0.0,0.05,1
Feasibility-gated GraphSAGE (ours),gated_sage,resampled,1000,3,600,978,1578,15,0.009505703422053232,1,0,1563,14,1.0,0.06666666666666667,0.125,0.5333333333333333,0.5282636248415716,1.0,0.06666666666666668,0.9333333333333333,0.0,0.05,1
Feasibility-gated GraphSAGE (ours),gated_sage,resampled,2500,3,600,2407,3007,15,0.004988360492184902,1,0,2992,14,1.0,0.06666666666666667,0.125,0.5333333333333333,0.5306728744041681,1.0,0.06666666666666667,0.9333333333333333,0.0,0.05,1
Feasibility-gated GraphSAGE (ours),gated_sage,resampled,5000,3,600,4855,5455,15,0.002749770852428964,1,0,5440,14,1.0,0.06666666666666667,0.125,0.5333333333333333,0.5318667888787045,1.0,0.06666666666666668,0.9333333333333333,0.0,0.05,1
Feasibility-gated GraphSAGE (ours),gated_sage,resampled,10000,3,600,9804,10404,15,0.0014417531718569781,1,0,10389,14,1.0,0.06666666666666667,0.125,0.5333333333333333,0.5325643983083429,1.0,0.06666666666666668,0.9333333333333333,0.0,0.05,1
Feasibility-gated GraphSAGE (ours),gated_sage,resampled,25000,3,600,25162,25762,15,0.0005822529306730844,1,0,25747,14,1.0,0.06666666666666667,0.125,0.5333333333333333,0.5330227984369744,1.0,0.06666666666666667,0.9333333333333333,0.0,0.05,1
Feasibility-gated GraphSAGE (ours),gated_sage,resampled,50000,3,600,50342,50942,15,0.0002944525146244749,1,0,50927,14,1.0,0.06666666666666667,0.125,0.5333333333333333,0.5331762919922003,1.0,0.06666666666666668,0.9333333333333333,0.0,0.05,1
Feasibility-gated GraphSAGE (ours),gated_sage,resampled,100000,3,600,100298,100898,15,0.0001486649884041309,1,0,100883,14,1.0,0.06666666666666667,0.125,0.5333333333333333,0.5332540453395178,1.0,0.06666666666666667,0.9333333333333333,0.0,0.05,1
Feasibility-gated GraphSAGE (ours),gated_sage,resampled,0,4,600,0,600,15,0.025,0,0,585,15,0.0,0.0,0.0,0.5,0.4875,1.0,0.0,1.0,0.0,0.05,0
Feasibility-gated GraphSAGE (ours),gated_sage,resampled,1000,4,600,1126,1726,15,0.00869061413673233,0,0,1711,15,0.0,0.0,0.0,0.5,0.49565469293163383,1.0,0.0,1.0,0.0,0.05,0
Feasibility-gated GraphSAGE (ours),gated_sage,resampled,2500,4,600,2691,3291,15,0.004557885141294439,0,0,3276,15,0.0,0.0,0.0,0.5,0.4977210574293528,1.0,0.0,1.0,0.0,0.05,0
Feasibility-gated GraphSAGE (ours),gated_sage,resampled,5000,4,600,5324,5924,15,0.0025320729237002025,0,0,5909,15,0.0,0.0,0.0,0.5,0.4987339635381499,1.0,0.0,1.0,0.0,0.05,0
Feasibility-gated GraphSAGE (ours),gated_sage,resampled,10000,4,600,10052,10652,15,0.0014081862561021404,0,0,10637,15,0.0,0.0,0.0,0.5,0.4992959068719489,1.0,0.0,1.0,0.0,0.05,0
Feasibility-gated GraphSAGE (ours),gated_sage,resampled,25000,4,600,24554,25154,15,0.0005963266279716944,0,0,25139,15,0.0,0.0,0.0,0.5,0.49970183668601414,1.0,0.0,1.0,0.0,0.05,0
Feasibility-gated GraphSAGE (ours),gated_sage,resampled,50000,4,600,49942,50542,15,0.0002967828736496379,0,0,50527,15,0.0,0.0,0.0,0.5,0.4998516085631752,0.9999999999999999,0.0,0.9999999999999999,0.0,0.05,0
Feasibility-gated GraphSAGE (ours),gated_sage,resampled,100000,4,600,99706,100306,15,0.00014954240025521904,0,0,100291,15,0.0,0.0,0.0,0.5,0.4999252287998724,1.0,0.0,1.0,0.0,0.05,0
