detector,noise_model,m,seed,base_graph_edges,noise_edges,total_edges,poison_edges,base_rate,tp,fp,tn,fn,precision,recall,f1,roc_auc,pr_auc,false_positive_rate,threshold_used,flagged_edges_count,runtime_sec,peak_mem_mb
Rule-only (all 15 rules),synthetic,0,0,1000,0,1000,20,0.02,11,6,979,9,0.647059,0.55,0.594595,0.863621,0.692196,0.006091,0.5,17,5e-06,0.3467
Rule-only (all 15 rules),synthetic,700,0,1000,700,1700,20,0.01176471,12,1117,568,8,0.010629,0.6,0.020888,0.568546,0.406197,0.662908,0.5,1129,0.020985,1.1652
Rule-only (all 15 rules),synthetic,700,0,1000,700,1700,20,0.01176471,12,1117,568,8,0.010629,0.6,0.020888,0.568546,0.406197,0.662908,0.5,1129,0.020046,1.0451
Rule-only (all 15 rules),synthetic,700,0,1000,700,1700,20,0.01176471,12,1117,568,8,0.010629,0.6,0.020888,0.568546,0.406197,0.662908,0.5,1129,0.020324,1.0378
Rule-only (all 15 rules),synthetic,700,0,1000,700,1700,20,0.01176471,12,1117,568,8,0.010629,0.6,0.020888,0.568546,0.406197,0.662908,0.5,1129,0.019872,1.0378
Rule-only (all 15 rules),synthetic,700,0,1000,700,1700,20,0.01176471,12,1117,568,8,0.010629,0.6,0.020888,0.568546,0.406197,0.662908,0.5,1129,0.019881,1.0378
Rule-only (all 15 rules),synthetic,700,0,1000,700,1700,20,0.01176471,12,1117,568,8,0.010629,0.6,0.020888,0.568546,0.406197,0.662908,0.5,1129,0.019833,1.0378
Rule-only (all 15 rules),synthetic,700,0,1000,700,1700,20,0.01176471,12,1117,568,8,0.010629,0.6,0.020888,0.568546,0.406197,0.662908,0.5,1129,0.020122,1.0377
Rule-only (all 15 rules),resampled,0,0,1000,0,1000,20,0.02,11,6,979,9,0.647059,0.55,0.594595,0.863621,0.692196,0.006091,0.5,17,8e-06,0.1276
Rule-only (all 15 rules),resampled,2353,0,1000,2353,3353,20,0.00596481,11,6,3332,9,0.647059,0.55,0.594595,0.865768,0.690793,0.001797,0.5,17,0.070832,2.1022
Rule-only (all 15 rules),resampled,5564,0,1000,5564,6564,20,0.00304692,11,6,6543,9,0.647059,0.55,0.594595,0.866209,0.690501,0.000916,0.5,17,0.152555,4.906
Rule-only (all 15 rules),resampled,10921,0,1000,10921,11921,20,0.00167771,11,6,11900,9,0.647059,0.55,0.594595,0.866415,0.690364,0.000504,0.5,17,0.294866,8.3738
Rule-only (all 15 rules),resampled,21967,0,1000,21967,22967,20,0.00087081,11,6,22946,9,0.647059,0.55,0.594595,0.866536,0.690283,0.000261,0.5,17,0.586238,18.5321
Rule-only (all 15 rules),resampled,54574,0,1000,54574,55574,20,0.00035988,11,6,55553,9,0.647059,0.55,0.594595,0.866613,0.690232,0.000108,0.5,17,1.496971,40.031
Rule-only (all 15 rules),resampled,109986,0,1000,109986,110986,20,0.0001802,11,6,110965,9,0.647059,0.55,0.594595,0.86664,0.690214,5.4e-05,0.5,17,3.523013,80.1766
Rule-only (all 15 rules),resampled,217129,0,1000,217129,218129,20,9.169e-05,11,6,218108,9,0.647059,0.55,0.594595,0.866653,0.690205,2.8e-05,0.5,17,6.121742,158.2549
Rule-only (all 15 rules),synthetic,0,1,1000,0,1000,20,0.02,13,4,981,7,0.764706,0.65,0.702703,0.931303,0.816686,0.004061,0.5,17,0.048306,0.1271
Rule-only (all 15 rules),synthetic,700,1,1000,700,1700,20,0.01176471,13,1155,530,7,0.01113,0.65,0.021886,0.590603,0.439487,0.68546,0.5,1168,0.022821,1.1012
Rule-only (all 15 rules),synthetic,700,1,1000,700,1700,20,0.01176471,13,1155,530,7,0.01113,0.65,0.021886,0.590603,0.439487,0.68546,0.5,1168,0.020292,1.0402
Rule-only (all 15 rules),synthetic,700,1,1000,700,1700,20,0.01176471,13,1155,530,7,0.01113,0.65,0.021886,0.590603,0.439487,0.68546,0.5,1168,0.022214,1.0402
Rule-only (all 15 rules),synthetic,700,1,1000,700,1700,20,0.01176471,13,1155,530,7,0.01113,0.65,0.021886,0.590603,0.439487,0.68546,0.5,1168,0.019688,1.0401
Rule-only (all 15 rules),synthetic,700,1,1000,700,1700,20,0.01176471,13,1155,530,7,0.01113,0.65,0.021886,0.590603,0.439487,0.68546,0.5,1168,0.020108,1.0401
Rule-only (all 15 rules),synthetic,700,1,1000,700,1700,20,0.01176471,13,1155,530,7,0.01113,0.65,0.021886,0.590603,0.439487,0.68546,0.5,1168,0.019783,1.0401
Rule-only (all 15 rules),synthetic,700,1,1000,700,1700,20,0.01176471,13,1155,530,7,0.01113,0.65,0.021886,0.590603,0.439487,0.68546,0.5,1168,0.020091,1.0401
Rule-only (all 15 rules),resampled,0,1,1000,0,1000,20,0.02,13,4,981,7,0.764706,0.65,0.702703,0.931303,0.816686,0.004061,0.5,17,7e-06,0.127
Rule-only (all 15 rules),resampled,2166,1,1000,2166,3166,20,0.00631712,13,4,3147,7,0.764706,0.65,0.702703,0.932699,0.816002,0.001269,0.5,17,0.06658,1.9719
Rule-only (all 15 rules),resampled,5650,1,1000,5650,6650,20,0.00300752,13,4,6631,7,0.764706,0.65,0.702703,0.933032,0.815837,0.000603,0.5,17,0.152588,4.9002
Rule-only (all 15 rules),resampled,11060,1,1000,11060,12060,20,0.00165837,13,4,12041,7,0.764706,0.65,0.702703,0.933167,0.815769,0.000332,0.5,17,0.289071,8.4163
Rule-only (all 15 rules),resampled,22194,1,1000,22194,23194,20,0.00086229,13,4,23175,7,0.764706,0.65,0.702703,0.933247,0.815729,0.000173,0.5,17,0.579332,18.6401
Rule-only (all 15 rules),resampled,55488,1,1000,55488,56488,20,0.00035406,13,4,56469,7,0.764706,0.65,0.702703,0.933298,0.815704,7.1e-05,0.5,17,1.444015,40.5406
Rule-only (all 15 rules),resampled,111254,1,1000,111254,112254,20,0.00017817,13,4,112235,7,0.764706,0.65,0.702703,0.933316,0.815695,3.6e-05,0.5,17,3.112342,80.8936
Rule-only (all 15 rules),resampled,222144,1,1000,222144,223144,20,8.963e-05,13,4,223125,7,0.764706,0.65,0.702703,0.933324,0.815691,1.8e-05,0.5,17,6.226065,161.1293
Rule-only (all 15 rules),synthetic,0,2,1000,0,1000,20,0.02,12,1,984,8,0.923077,0.6,0.727273,0.899492,0.863038,0.001015,0.5,13,0.051363,0.127
Rule-only (all 15 rules),synthetic,700,2,1000,700,1700,20,0.01176471,13,951,734,7,0.013485,0.65,0.026423,0.651137,0.440664,0.564392,0.5,964,0.021202,1.0852
Rule-only (all 15 rules),synthetic,700,2,1000,700,1700,20,0.01176471,13,951,734,7,0.013485,0.65,0.026423,0.651137,0.440664,0.564392,0.5,964,0.020727,1.0241
Rule-only (all 15 rules),synthetic,700,2,1000,700,1700,20,0.01176471,13,951,734,7,0.013485,0.65,0.026423,0.651137,0.440664,0.564392,0.5,964,0.021054,1.0241
Rule-only (all 15 rules),synthetic,700,2,1000,700,1700,20,0.01176471,13,951,734,7,0.013485,0.65,0.026423,0.651137,0.440664,0.564392,0.5,964,0.020524,1.0241
Rule-only (all 15 rules),synthetic,700,2,1000,700,1700,20,0.01176471,13,951,734,7,0.013485,0.65,0.026423,0.651137,0.440664,0.564392,0.5,964,0.021663,1.0241
Rule-only (all 15 rules),synthetic,700,2,1000,700,1700,20,0.01176471,13,951,734,7,0.013485,0.65,0.026423,0.651137,0.440664,0.564392,0.5,964,0.020404,1.0241
Rule-only (all 15 rules),synthetic,700,2,1000,700,1700,20,0.01176471,13,951,734,7,0.013485,0.65,0.026423,0.651137,0.440664,0.564392,0.5,964,0.020325,1.0241
Rule-only (all 15 rules),resampled,0,2,1000,0,1000,20,0.02,12,1,984,8,0.923077,0.6,0.727273,0.899492,0.863038,0.001015,0.5,13,7e-06,0.127
Rule-only (all 15 rules),resampled,2206,2,1000,2206,3206,20,0.0062383,12,1,3190,8,0.923077,0.6,0.727273,0.899843,0.862006,0.000313,0.5,13,0.067789,1.9868
Rule-only (all 15 rules),resampled,5493,2,1000,5493,6493,20,0.00308024,12,1,6477,8,0.923077,0.6,0.727273,0.899923,0.861769,0.000154,0.5,13,0.152529,4.8302
Rule-only (all 15 rules),resampled,11192,2,1000,11192,12192,20,0.00164042,12,1,12176,8,0.923077,0.6,0.727273,0.899959,0.861661,8.2e-05,0.5,13,0.306108,8.4634
Rule-only (all 15 rules),resampled,21988,2,1000,21988,22988,20,0.00087002,12,1,22972,8,0.923077,0.6,0.727273,0.899978,0.861604,4.4e-05,0.5,13,0.627856,18.5196
Rule-only (all 15 rules),resampled,55053,2,1000,55053,56053,20,0.00035681,12,1,56037,8,0.923077,0.6,0.727273,0.899991,0.861565,1.8e-05,0.5,13,1.447219,40.2632
Rule-only (all 15 rules),resampled,109740,2,1000,109740,110740,20,0.0001806,12,1,110724,8,0.923077,0.6,0.727273,0.899995,0.861552,9e-06,0.5,13,3.001734,79.9504
Rule-only (all 15 rules),resampled,217730,2,1000,217730,218730,20,9.144e-05,12,1,218714,8,0.923077,0.6,0.727273,0.899998,0.861545,5e-06,0.5,13,6.08516,158.4532
Rule-only (all 15 rules),synthetic,0,3,1000,0,1000,20,0.02,13,4,981,7,0.764706,0.65,0.702703,0.931303,0.816686,0.004061,0.5,17,0.048192,0.127
Rule-only (all 15 rules),synthetic,700,3,1000,700,1700,20,0.01176471,13,1196,489,7,0.010753,0.65,0.021155,0.578437,0.439298,0.709792,0.5,1209,0.022797,1.1248
Rule-only (all 15 rules),synthetic,700,3,1000,700,1700,20,0.01176471,13,1196,489,7,0.010753,0.65,0.021155,0.578437,0.439298,0.709792,0.5,1209,0.020272,1.0637
Rule-only (all 15 rules),synthetic,700,3,1000,700,1700,20,0.01176471,13,1196,489,7,0.010753,0.65,0.021155,0.578437,0.439298,0.709792,0.5,1209,0.020191,1.0637
Rule-only (all 15 rules),synthetic,700,3,1000,700,1700,20,0.01176471,13,1196,489,7,0.010753,0.65,0.021155,0.578437,0.439298,0.709792,0.5,1209,0.02033,1.0637
Rule-only (all 15 rules),synthetic,700,3,1000,700,1700,20,0.01176471,13,1196,489,7,0.010753,0.65,0.021155,0.578437,0.439298,0.709792,0.5,1209,0.020132,1.0637
Rule-only (all 15 rules),synthetic,700,3,1000,700,1700,20,0.01176471,13,1196,489,7,0.010753,0.65,0.021155,0.578437,0.439298,0.709792,0.5,1209,0.020209,1.0637
Rule-only (all 15 rules),synthetic,700,3,1000,700,1700,20,0.01176471,13,1196,489,7,0.010753,0.65,0.021155,0.578437,0.439298,0.709792,0.5,1209,0.020414,1.0637
Rule-only (all 15 rules),resampled,0,3,1000,0,1000,20,0.02,13,4,981,7,0.764706,0.65,0.702703,0.931303,0.816686,0.004061,0.5,17,7e-06,0.127
Rule-only (all 15 rules),resampled,2128,3,1000,2128,3128,20,0.00639386,13,4,3109,7,0.764706,0.65,0.702703,0.932691,0.816006,0.001285,0.5,17,0.066656,1.9507
Rule-only (all 15 rules),resampled,5323,3,1000,5323,6323,20,0.00316306,13,4,6304,7,0.764706,0.65,0.702703,0.933016,0.815844,0.000634,0.5,17,0.157465,4.7429
Rule-only (all 15 rules),resampled,10740,3,1000,10740,11740,20,0.00170358,13,4,11721,7,0.764706,0.65,0.702703,0.933163,0.815771,0.000341,0.5,17,0.299517,8.2481
Rule-only (all 15 rules),resampled,21384,3,1000,21384,22384,20,0.0008935,13,4,22365,7,0.764706,0.65,0.702703,0.933244,0.815731,0.000179,0.5,17,0.606154,18.2697
Rule-only (all 15 rules),resampled,54216,3,1000,54216,55216,20,0.00036221,13,4,55197,7,0.764706,0.65,0.702703,0.933297,0.815704,7.2e-05,0.5,17,1.430139,39.7127
Rule-only (all 15 rules),resampled,109254,3,1000,109254,110254,20,0.0001814,13,4,110235,7,0.764706,0.65,0.702703,0.933315,0.815695,3.6e-05,0.5,17,3.023962,79.6658
Rule-only (all 15 rules),resampled,218646,3,1000,218646,219646,20,9.106e-05,13,4,219627,7,0.764706,0.65,0.702703,0.933324,0.815691,1.8e-05,0.5,17,6.099502,158.9984
Rule-only (all 15 rules),synthetic,0,4,1000,0,1000,20,0.02,10,3,982,10,0.769231,0.5,0.606061,0.83181,0.720449,0.003046,0.5,13,0.047585,0.127
Rule-only (all 15 rules),synthetic,700,4,1000,700,1700,20,0.01176471,13,1107,578,7,0.011607,0.65,0.022807,0.604847,0.439725,0.656973,0.5,1120,0.02241,1.085
Rule-only (all 15 rules),synthetic,700,4,1000,700,1700,20,0.01176471,13,1107,578,7,0.011607,0.65,0.022807,0.604847,0.439725,0.656973,0.5,1120,0.020889,1.024
Rule-only (all 15 rules),synthetic,700,4,1000,700,1700,20,0.01176471,13,1107,578,7,0.011607,0.65,0.022807,0.604847,0.439725,0.656973,0.5,1120,0.020705,1.024
Rule-only (all 15 rules),synthetic,700,4,1000,700,1700,20,0.01176471,13,1107,578,7,0.011607,0.65,0.022807,0.604847,0.439725,0.656973,0.5,1120,0.020451,1.024
Rule-only (all 15 rules),synthetic,700,4,1000,700,1700,20,0.01176471,13,1107,578,7,0.011607,0.65,0.022807,0.604847,0.439725,0.656973,0.5,1120,0.020514,1.024
Rule-only (all 15 rules),synthetic,700,4,1000,700,1700,20,0.01176471,13,1107,578,7,0.011607,0.65,0.022807,0.604847,0.439725,0.656973,0.5,1120,0.02056,1.024
Rule-only (all 15 rules),synthetic,700,4,1000,700,1700,20,0.01176471,13,1107,578,7,0.011607,0.65,0.022807,0.604847,0.439725,0.656973,0.5,1120,0.021266,1.024
Rule-only (all 15 rules),resampled,0,4,1000,0,1000,20,0.02,10,3,982,10,0.769231,0.5,0.606061,0.83181,0.720449,0.003046,0.5,13,7e-06,0.127
Rule-only (all 15 rules),resampled,2259,4,1000,2259,3259,20,0.00613685,10,3,3241,10,0.769231,0.5,0.606061,0.832871,0.718716,0.000925,0.5,13,0.070608,2.0163
Rule-only (all 15 rules),resampled,5396,4,1000,5396,6396,20,0.00312695,10,3,6378,10,0.769231,0.5,0.606061,0.833098,0.71834,0.00047,0.5,13,0.156096,4.7753
Rule-only (all 15 rules),resampled,10575,4,1000,10575,11575,20,0.00172786,10,3,11557,10,0.769231,0.5,0.606061,0.833204,0.718165,0.00026,0.5,13,0.283776,8.1632
Rule-only (all 15 rules),resampled,21531,4,1000,21531,22531,20,0.00088767,10,3,22513,10,0.769231,0.5,0.606061,0.833267,0.71806,0.000133,0.5,13,0.632809,18.3252
Rule-only (all 15 rules),resampled,54756,4,1000,54756,55756,20,0.00035871,10,3,55738,10,0.769231,0.5,0.606061,0.833306,0.717994,5.4e-05,0.5,13,1.437614,40.101
Rule-only (all 15 rules),resampled,110058,4,1000,110058,111058,20,0.00018009,10,3,111040,10,0.769231,0.5,0.606061,0.83332,0.717971,2.7e-05,0.5,13,3.091687,80.137
Rule-only (all 15 rules),resampled,219438,4,1000,219438,220438,20,9.073e-05,10,3,220420,10,0.769231,0.5,0.606061,0.833327,0.71796,1.4e-05,0.5,13,6.0209,159.554
GraphSAGE (ungated baseline),synthetic,0,0,1000,0,1000,20,0.02,7,16,969,13,0.304348,0.35,0.325581,0.782335,0.303037,0.016244,0.6,23,0.046836,0.2386
GraphSAGE (ungated baseline),synthetic,700,0,1000,700,1700,20,0.01176471,7,295,1390,13,0.023179,0.35,0.043478,0.666568,0.032451,0.175074,0.6,302,0.022,1.006
GraphSAGE (ungated baseline),synthetic,700,0,1000,700,1700,20,0.01176471,7,295,1390,13,0.023179,0.35,0.043478,0.666568,0.032451,0.175074,0.6,302,0.020969,0.943
GraphSAGE (ungated baseline),synthetic,700,0,1000,700,1700,20,0.01176471,7,295,1390,13,0.023179,0.35,0.043478,0.666568,0.032451,0.175074,0.6,302,0.020556,0.943
GraphSAGE (ungated baseline),synthetic,700,0,1000,700,1700,20,0.01176471,7,295,1390,13,0.023179,0.35,0.043478,0.666568,0.032451,0.175074,0.6,302,0.021264,0.9428
GraphSAGE (ungated baseline),synthetic,700,0,1000,700,1700,20,0.01176471,7,295,1390,13,0.023179,0.35,0.043478,0.666568,0.032451,0.175074,0.6,302,0.023345,0.9428
GraphSAGE (ungated baseline),synthetic,700,0,1000,700,1700,20,0.01176471,7,295,1390,13,0.023179,0.35,0.043478,0.666568,0.032451,0.175074,0.6,302,0.020404,0.9429
GraphSAGE (ungated baseline),synthetic,700,0,1000,700,1700,20,0.01176471,7,295,1390,13,0.023179,0.35,0.043478,0.666568,0.032451,0.175074,0.6,302,0.020381,0.9427
GraphSAGE (ungated baseline),resampled,0,0,1000,0,1000,20,0.02,7,16,969,13,0.304348,0.35,0.325581,0.782335,0.303037,0.016244,0.6,23,7e-06,0.2387
GraphSAGE (ungated baseline),resampled,2353,0,1000,2353,3353,20,0.00596481,7,254,3084,13,0.02682,0.35,0.049822,0.772538,0.256758,0.076093,0.6,261,0.071265,2.963
GraphSAGE (ungated baseline),resampled,5564,0,1000,5564,6564,20,0.00304692,8,627,5922,12,0.012598,0.4,0.024427,0.791917,0.226483,0.09574,0.6,635,0.154439,6.52
GraphSAGE (ungated baseline),resampled,10921,0,1000,10921,11921,20,0.00167771,8,1219,10687,12,0.00652,0.4,0.012831,0.836923,0.24121,0.102385,0.6,1227,0.299639,11.937
GraphSAGE (ungated baseline),resampled,21967,0,1000,21967,22967,20,0.00087081,10,2623,20329,10,0.003798,0.5,0.007539,0.914526,0.244603,0.114282,0.6,2633,0.590416,24.8682
GraphSAGE (ungated baseline),resampled,54574,0,1000,54574,55574,20,0.00035988,13,7496,48063,7,0.001731,0.65,0.003453,0.934478,0.221751,0.13492,0.6,7509,1.672344,59.0126
GraphSAGE (ungated baseline),resampled,109986,0,1000,109986,110986,20,0.0001802,15,14886,96085,5,0.001007,0.75,0.002011,0.936812,0.22225,0.134143,0.6,14901,2.911875,117.8005
GraphSAGE (ungated baseline),resampled,217129,0,1000,217129,218129,20,9.169e-05,15,28587,189527,5,0.000524,0.75,0.001048,0.940267,0.224153,0.131064,0.6,28602,6.08981,232.7974
GraphSAGE (ungated baseline),synthetic,0,1,1000,0,1000,20,0.02,9,38,947,11,0.191489,0.45,0.268657,0.923689,0.631851,0.038579,0.6,47,0.050353,0.2383
GraphSAGE (ungated baseline),synthetic,700,1,1000,700,1700,20,0.01176471,10,384,1301,10,0.025381,0.5,0.048309,0.799426,0.102968,0.227893,0.6,394,0.022716,1.0171
GraphSAGE (ungated baseline),synthetic,700,1,1000,700,1700,20,0.01176471,10,384,1301,10,0.025381,0.5,0.048309,0.799426,0.102968,0.227893,0.6,394,0.021575,0.956
GraphSAGE (ungated baseline),synthetic,700,1,1000,700,1700,20,0.01176471,10,384,1301,10,0.025381,0.5,0.048309,0.799426,0.102968,0.227893,0.6,394,0.021603,0.9559
GraphSAGE (ungated baseline),synthetic,700,1,1000,700,1700,20,0.01176471,10,384,1301,10,0.025381,0.5,0.048309,0.799426,0.102968,0.227893,0.6,394,0.022409,0.956
GraphSAGE (ungated baseline),synthetic,700,1,1000,700,1700,20,0.01176471,10,384,1301,10,0.025381,0.5,0.048309,0.799426,0.102968,0.227893,0.6,394,0.021673,0.956
GraphSAGE (ungated baseline),synthetic,700,1,1000,700,1700,20,0.01176471,10,384,1301,10,0.025381,0.5,0.048309,0.799426,0.102968,0.227893,0.6,394,0.032327,0.956
GraphSAGE (ungated baseline),synthetic,700,1,1000,700,1700,20,0.01176471,10,384,1301,10,0.025381,0.5,0.048309,0.799426,0.102968,0.227893,0.6,394,0.023213,0.956
GraphSAGE (ungated baseline),resampled,0,1,1000,0,1000,20,0.02,9,38,947,11,0.191489,0.45,0.268657,0.923689,0.631851,0.038579,0.6,47,9e-06,0.2384
GraphSAGE (ungated baseline),resampled,2166,1,1000,2166,3166,20,0.00631712,10,924,2227,10,0.010707,0.5,0.020964,0.795769,0.170052,0.29324,0.6,934,0.083767,2.8003
GraphSAGE (ungated baseline),resampled,5650,1,1000,5650,6650,20,0.00300752,12,2441,4194,8,0.004892,0.6,0.009705,0.763672,0.147696,0.367898,0.6,2453,0.164094,6.6195
GraphSAGE (ungated baseline),resampled,11060,1,1000,11060,12060,20,0.00165837,12,4501,7544,8,0.002659,0.6,0.005295,0.779363,0.141204,0.373682,0.6,4513,0.313986,12.0906
GraphSAGE (ungated baseline),resampled,22194,1,1000,22194,23194,20,0.00086229,14,9092,14087,6,0.001537,0.7,0.003068,0.81085,0.137577,0.392252,0.6,9106,0.608975,25.0132
GraphSAGE (ungated baseline),resampled,55488,1,1000,55488,56488,20,0.00035406,15,22589,33884,5,0.000664,0.75,0.001326,0.846425,0.075563,0.399996,0.6,22604,1.907638,59.714
GraphSAGE (ungated baseline),resampled,111254,1,1000,111254,112254,20,0.00017817,15,44735,67504,5,0.000335,0.75,0.00067,0.825056,0.266988,0.398569,0.6,44750,5.40064,118.7777
GraphSAGE (ungated baseline),resampled,222144,1,1000,222144,223144,20,8.963e-05,15,88879,134250,5,0.000169,0.75,0.000337,0.795622,0.333443,0.39833,0.6,88894,6.967604,237.1217
GraphSAGE (ungated baseline),synthetic,0,2,1000,0,1000,20,0.02,12,143,842,8,0.077419,0.6,0.137143,0.888291,0.602865,0.145178,0.6,155,0.05984,0.2382
GraphSAGE (ungated baseline),synthetic,700,2,1000,700,1700,20,0.01176471,9,414,1271,11,0.021277,0.45,0.040632,0.793254,0.044999,0.245697,0.6,423,0.02929,1.1107
GraphSAGE (ungated baseline),synthetic,700,2,1000,700,1700,20,0.01176471,9,414,1271,11,0.021277,0.45,0.040632,0.793254,0.044999,0.245697,0.6,423,0.024201,1.0496
GraphSAGE (ungated baseline),synthetic,700,2,1000,700,1700,20,0.01176471,9,414,1271,11,0.021277,0.45,0.040632,0.793254,0.044999,0.245697,0.6,423,0.022947,1.0498
GraphSAGE (ungated baseline),synthetic,700,2,1000,700,1700,20,0.01176471,9,414,1271,11,0.021277,0.45,0.040632,0.793254,0.044999,0.245697,0.6,423,0.023719,1.0498
GraphSAGE (ungated baseline),synthetic,700,2,1000,700,1700,20,0.01176471,9,414,1271,11,0.021277,0.45,0.040632,0.793254,0.044999,0.245697,0.6,423,0.022928,1.0498
GraphSAGE (ungated baseline),synthetic,700,2,1000,700,1700,20,0.01176471,9,414,1271,11,0.021277,0.45,0.040632,0.793254,0.044999,0.245697,0.6,423,0.023052,1.0497
GraphSAGE (ungated baseline),synthetic,700,2,1000,700,1700,20,0.01176471,9,414,1271,11,0.021277,0.45,0.040632,0.793254,0.044999,0.245697,0.6,423,0.024589,1.0498
GraphSAGE (ungated baseline),resampled,0,2,1000,0,1000,20,0.02,12,143,842,8,0.077419,0.6,0.137143,0.888291,0.602865,0.145178,0.6,155,9e-06,0.2385
GraphSAGE (ungated baseline),resampled,2206,2,1000,2206,3206,20,0.0062383,12,517,2674,8,0.022684,0.6,0.043716,0.845513,0.107722,0.162018,0.6,529,0.074512,2.8283
GraphSAGE (ungated baseline),resampled,5493,2,1000,5493,6493,20,0.00308024,12,1122,5356,8,0.010582,0.6,0.020797,0.815679,0.042131,0.173202,0.6,1134,0.162695,6.4576
GraphSAGE (ungated baseline),resampled,11192,2,1000,11192,12192,20,0.00164042,10,2458,9719,10,0.004052,0.5,0.008039,0.81012,0.027368,0.201856,0.6,2468,0.334313,12.1809
GraphSAGE (ungated baseline),resampled,21988,2,1000,21988,22988,20,0.00087002,10,4782,18191,10,0.002087,0.5,0.004156,0.708806,0.020768,0.208157,0.6,4792,0.627059,24.8416
GraphSAGE (ungated baseline),resampled,55053,2,1000,55053,56053,20,0.00035681,9,12015,44023,11,0.000749,0.45,0.001495,0.665507,0.195363,0.214408,0.6,12024,1.56593,59.3558
GraphSAGE (ungated baseline),resampled,109740,2,1000,109740,110740,20,0.0001806,9,24420,86305,11,0.000368,0.45,0.000736,0.578956,0.233649,0.220546,0.6,24429,3.303543,117.5726
GraphSAGE (ungated baseline),resampled,217730,2,1000,217730,218730,20,9.144e-05,9,53496,165219,11,0.000168,0.45,0.000336,0.583966,0.30016,0.244592,0.6,53505,6.356769,233.1758
GraphSAGE (ungated baseline),synthetic,0,3,1000,0,1000,20,0.02,9,48,937,11,0.157895,0.45,0.233766,0.83709,0.398729,0.048731,0.6,57,0.055006,0.2382
GraphSAGE (ungated baseline),synthetic,700,3,1000,700,1700,20,0.01176471,10,469,1216,10,0.020877,0.5,0.04008,0.784154,0.050418,0.278338,0.6,479,0.021302,1.0037
GraphSAGE (ungated baseline),synthetic,700,3,1000,700,1700,20,0.01176471,10,469,1216,10,0.020877,0.5,0.04008,0.784154,0.050418,0.278338,0.6,479,0.020862,0.9427
GraphSAGE (ungated baseline),synthetic,700,3,1000,700,1700,20,0.01176471,10,469,1216,10,0.020877,0.5,0.04008,0.784154,0.050418,0.278338,0.6,479,0.020758,0.9427
GraphSAGE (ungated baseline),synthetic,700,3,1000,700,1700,20,0.01176471,10,469,1216,10,0.020877,0.5,0.04008,0.784154,0.050418,0.278338,0.6,479,0.020502,0.9427
GraphSAGE (ungated baseline),synthetic,700,3,1000,700,1700,20,0.01176471,10,469,1216,10,0.020877,0.5,0.04008,0.784154,0.050418,0.278338,0.6,479,0.022375,0.9426
GraphSAGE (ungated baseline),synthetic,700,3,1000,700,1700,20,0.01176471,10,469,1216,10,0.020877,0.5,0.04008,0.784154,0.050418,0.278338,0.6,479,0.021023,0.9427
GraphSAGE (ungated baseline),synthetic,700,3,1000,700,1700,20,0.01176471,10,469,1216,10,0.020877,0.5,0.04008,0.784154,0.050418,0.278338,0.6,479,0.020811,0.9423
GraphSAGE (ungated baseline),resampled,0,3,1000,0,1000,20,0.02,9,48,937,11,0.157895,0.45,0.233766,0.83709,0.398729,0.048731,0.6,57,7e-06,0.2385
GraphSAGE (ungated baseline),resampled,2128,3,1000,2128,3128,20,0.00639386,9,270,2843,11,0.032258,0.45,0.060201,0.811832,0.152166,0.086733,0.6,279,0.067971,2.7628
GraphSAGE (ungated baseline),resampled,5323,3,1000,5323,6323,20,0.00316306,9,589,5719,11,0.01505,0.45,0.029126,0.790039,0.141623,0.093373,0.6,598,0.15302,6.3081
GraphSAGE (ungated baseline),resampled,10740,3,1000,10740,11740,20,0.00170358,9,1208,10517,11,0.007395,0.45,0.014551,0.759844,0.136957,0.103028,0.6,1217,0.302389,11.8143
GraphSAGE (ungated baseline),resampled,21384,3,1000,21384,22384,20,0.0008935,9,2292,20077,11,0.003911,0.45,0.007755,0.751199,0.135225,0.102463,0.6,2301,0.670312,24.4811
GraphSAGE (ungated baseline),resampled,54216,3,1000,54216,55216,20,0.00036221,9,5966,49235,11,0.001506,0.45,0.003003,0.692343,0.134005,0.108078,0.6,5975,1.521021,58.3577
GraphSAGE (ungated baseline),resampled,109254,3,1000,109254,110254,20,0.0001814,9,11865,98374,11,0.000758,0.45,0.001513,0.646593,0.067013,0.10763,0.6,11874,3.200273,117.1247
GraphSAGE (ungated baseline),resampled,218646,3,1000,218646,219646,20,9.106e-05,9,22666,196965,11,0.000397,0.45,0.000793,0.667574,0.200171,0.1032,0.6,22675,6.341232,234.2212
GraphSAGE (ungated baseline),synthetic,0,4,1000,0,1000,20,0.02,1,5,980,19,0.166667,0.05,0.076923,0.546802,0.03754,0.005076,0.6,6,0.055461,0.2382
GraphSAGE (ungated baseline),synthetic,700,4,1000,700,1700,20,0.01176471,0,0,1685,20,0.0,0.0,0.0,0.5,0.504412,0.0,0.6,0,0.024718,1.0037
GraphSAGE (ungated baseline),synthetic,700,4,1000,700,1700,20,0.01176471,0,0,1685,20,0.0,0.0,0.0,0.5,0.504412,0.0,0.6,0,0.021242,0.9426
GraphSAGE (ungated baseline),synthetic,700,4,1000,700,1700,20,0.01176471,0,0,1685,20,0.0,0.0,0.0,0.5,0.504412,0.0,0.6,0,0.020725,0.9426
GraphSAGE (ungated baseline),synthetic,700,4,1000,700,1700,20,0.01176471,0,0,1685,20,0.0,0.0,0.0,0.5,0.504412,0.0,0.6,0,0.020511,0.9426
GraphSAGE (ungated baseline),synthetic,700,4,1000,700,1700,20,0.01176471,0,0,1685,20,0.0,0.0,0.0,0.5,0.504412,0.0,0.6,0,0.020438,0.9426
GraphSAGE (ungated baseline),synthetic,700,4,1000,700,1700,20,0.01176471,0,0,1685,20,0.0,0.0,0.0,0.5,0.504412,0.0,0.6,0,0.020675,0.9426
GraphSAGE (ungated baseline),synthetic,700,4,1000,700,1700,20,0.01176471,0,0,1685,20,0.0,0.0,0.0,0.5,0.504412,0.0,0.6,0,0.021765,0.9423
GraphSAGE (ungated baseline),resampled,0,4,1000,0,1000,20,0.02,1,5,980,19,0.166667,0.05,0.076923,0.546802,0.03754,0.005076,0.6,6,8e-06,0.2384
GraphSAGE (ungated baseline),resampled,2259,4,1000,2259,3259,20,0.00613685,1,29,3215,19,0.033333,0.05,0.04,0.521476,0.010392,0.00894,0.6,30,0.077166,2.8943
GraphSAGE (ungated baseline),resampled,5396,4,1000,5396,6396,20,0.00312695,1,63,6318,19,0.015625,0.05,0.02381,0.52031,0.007304,0.009873,0.6,64,0.216472,6.3723
GraphSAGE (ungated baseline),resampled,10575,4,1000,10575,11575,20,0.00172786,1,172,11388,19,0.00578,0.05,0.010363,0.520652,0.002772,0.014879,0.6,173,0.299267,11.7071
GraphSAGE (ungated baseline),resampled,21531,4,1000,21531,22531,20,0.00088767,2,381,22135,18,0.005222,0.1,0.009926,0.51856,0.001758,0.016921,0.6,383,0.612547,24.5715
GraphSAGE (ungated baseline),resampled,54756,4,1000,54756,55756,20,0.00035871,2,1184,54557,18,0.001686,0.1,0.003317,0.513206,0.000507,0.021241,0.6,1186,1.559438,59.1287
GraphSAGE (ungated baseline),resampled,110058,4,1000,110058,111058,20,0.00018009,2,3076,107967,18,0.00065,0.1,0.001291,0.504738,0.000258,0.027701,0.6,3078,3.174927,117.7677
GraphSAGE (ungated baseline),resampled,219438,4,1000,219438,220438,20,9.073e-05,2,10555,209868,18,0.000189,0.1,0.000378,0.499522,0.000117,0.047885,0.6,10557,6.434297,234.9398
