direction,noise_model,rule_name,violations,opportunities,violation_rate
Dir1_1r3_to_5m6r,resampled,DeleteConsistencyRule,0,11590785,0.0
Dir1_1r3_to_5m6r,resampled,DuplicateEdgeRule,0,11590785,0.0
Dir1_1r3_to_5m6r,resampled,ExecutionConsistencyRule,0,11590785,0.0
Dir1_1r3_to_5m6r,resampled,MissingNodeRule,0,11590785,0.0
Dir1_1r3_to_5m6r,resampled,NetworkConsistencyRule,0,11590785,0.0
Dir1_1r3_to_5m6r,resampled,ParentChildTemporalRule,0,11590785,0.0
Dir1_1r3_to_5m6r,resampled,ProcessActivityTemporalRule,3230,11590785,0.00027866965007115565
Dir1_1r3_to_5m6r,resampled,SelfLoopRule,0,11590785,0.0
Dir1_1r3_to_5m6r,resampled,SequenceGapRule,0,11590785,0.0
Dir1_1r3_to_5m6r,resampled,SpawnConsistencyRule,237,11590785,2.0447277729679223e-05
Dir1_1r3_to_5m6r,resampled,TimestampRule,0,11590785,0.0
Dir1_1r3_to_5m6r,synthetic,DeleteConsistencyRule,931,29400,0.03166666666666667
Dir1_1r3_to_5m6r,synthetic,DuplicateEdgeRule,0,29400,0.0
Dir1_1r3_to_5m6r,synthetic,ExecutionConsistencyRule,959,29400,0.03261904761904762
Dir1_1r3_to_5m6r,synthetic,MissingNodeRule,0,29400,0.0
Dir1_1r3_to_5m6r,synthetic,NetworkConsistencyRule,1162,29400,0.039523809523809524
Dir1_1r3_to_5m6r,synthetic,ParentChildTemporalRule,3809,29400,0.1295578231292517
Dir1_1r3_to_5m6r,synthetic,ProcessActivityTemporalRule,8961,29400,0.30479591836734693
Dir1_1r3_to_5m6r,synthetic,SelfLoopRule,0,29400,0.0
Dir1_1r3_to_5m6r,synthetic,SequenceGapRule,0,29400,0.0
Dir1_1r3_to_5m6r,synthetic,SpawnConsistencyRule,1210,29400,0.04115646258503401
Dir1_1r3_to_5m6r,synthetic,TimestampRule,0,29400,0.0
Dir2_5m6r_to_1r3,resampled,DeleteConsistencyRule,0,3744477,0.0
Dir2_5m6r_to_1r3,resampled,DuplicateEdgeRule,0,3744477,0.0
Dir2_5m6r_to_1r3,resampled,ExecutionConsistencyRule,0,3744477,0.0
Dir2_5m6r_to_1r3,resampled,MissingNodeRule,0,3744477,0.0
Dir2_5m6r_to_1r3,resampled,NetworkConsistencyRule,0,3744477,0.0
Dir2_5m6r_to_1r3,resampled,ParentChildTemporalRule,3270,3744477,0.0008732861758798358
Dir2_5m6r_to_1r3,resampled,ProcessActivityTemporalRule,1243,3744477,0.00033195557083138714
Dir2_5m6r_to_1r3,resampled,SelfLoopRule,0,3744477,0.0
Dir2_5m6r_to_1r3,resampled,SequenceGapRule,0,3744477,0.0
Dir2_5m6r_to_1r3,resampled,SpawnConsistencyRule,4998,3744477,0.0013347658431337674
Dir2_5m6r_to_1r3,resampled,TimestampRule,0,3744477,0.0
Dir2_5m6r_to_1r3,synthetic,DeleteConsistencyRule,20844,627200,0.03323341836734694
Dir2_5m6r_to_1r3,synthetic,DuplicateEdgeRule,0,627200,0.0
Dir2_5m6r_to_1r3,synthetic,ExecutionConsistencyRule,21067,627200,0.03358896683673469
Dir2_5m6r_to_1r3,synthetic,MissingNodeRule,0,627200,0.0
Dir2_5m6r_to_1r3,synthetic,NetworkConsistencyRule,29367,627200,0.046822385204081635
Dir2_5m6r_to_1r3,synthetic,ParentChildTemporalRule,81195,627200,0.1294563137755102
Dir2_5m6r_to_1r3,synthetic,ProcessActivityTemporalRule,194515,627200,0.3101323341836735
Dir2_5m6r_to_1r3,synthetic,SelfLoopRule,0,627200,0.0
Dir2_5m6r_to_1r3,synthetic,SequenceGapRule,0,627200,0.0
Dir2_5m6r_to_1r3,synthetic,SpawnConsistencyRule,34249,627200,0.054606186224489796
Dir2_5m6r_to_1r3,synthetic,TimestampRule,0,627200,0.0
